"Sequence","Phase","Arm","Ordinal","Measured"
"1","warmup","control","0","False"
"2","warmup","candidate","0","False"
"3","measured","control","1","True"
"4","measured","candidate","1","True"
"5","measured","control","2","True"
"6","measured","candidate","2","True"
"7","measured","control","3","True"
"8","measured","candidate","3","True"
"9","measured","control","4","True"
"10","measured","candidate","4","True"
"11","measured","control","5","True"
"12","measured","candidate","5","True"
"13","measured","control","6","True"
"14","measured","candidate","6","True"
"15","measured","control","7","True"
"16","measured","candidate","7","True"
