"Sequence","Phase","Arm","Ordinal","Measured","SourceCommit","JarSha256","MainNodes","Qnodes","QnodesAvailable","ElapsedMs","Nps","Depth","Positions","HashMb","Evaluator","Instrumentation","RawOutput","RecordedUtc"
"1","warmup","control","0","False","d3a56ffadf0d9151a2b19fba4902a734a99bff96","8b31e3bd9a44523f94158b3719b1845845505e9a07af64e1dccf3ae3f77b0222","24780049",,"False","69311","357519","13","31","16","Classical","off","01-warmup-control.raw.txt","2026-10-09T14:28:34.6773214Z"
"2","warmup","candidate","0","False","e90d3d4f90b244c46e8bbf75c33222bba7d58003","64c5efab060f6c8a4ba98d6162af39ab956f8c0c75d8521639d1af9bb5705553","21713284",,"False","62420","347857","13","31","16","Classical","off","02-warmup-candidate.raw.txt","2026-10-09T14:29:37.3050617Z"
"3","measured","control","1","True","d3a56ffadf0d9151a2b19fba4902a734a99bff96","8b31e3bd9a44523f94158b3719b1845845505e9a07af64e1dccf3ae3f77b0222","24780049",,"False","68156","363578","13","31","16","Classical","off","03-control-01.raw.txt","2026-10-09T14:39:16.3498348Z"
"4","measured","candidate","1","True","e90d3d4f90b244c46e8bbf75c33222bba7d58003","64c5efab060f6c8a4ba98d6162af39ab956f8c0c75d8521639d1af9bb5705553","21713284",,"False","64642","335900","13","31","16","Classical","off","04-candidate-01.raw.txt","2026-10-09T14:40:21.1949571Z"
"5","measured","control","2","True","d3a56ffadf0d9151a2b19fba4902a734a99bff96","8b31e3bd9a44523f94158b3719b1845845505e9a07af64e1dccf3ae3f77b0222","24780049",,"False","74308","333477","13","31","16","Classical","off","05-control-02.raw.txt","2026-10-09T14:41:35.7084260Z"
"6","measured","candidate","2","True","e90d3d4f90b244c46e8bbf75c33222bba7d58003","64c5efab060f6c8a4ba98d6162af39ab956f8c0c75d8521639d1af9bb5705553","21713284",,"False","62732","346127","13","31","16","Classical","off","06-candidate-02.raw.txt","2026-10-09T14:42:38.6645822Z"
"7","measured","control","3","True","d3a56ffadf0d9151a2b19fba4902a734a99bff96","8b31e3bd9a44523f94158b3719b1845845505e9a07af64e1dccf3ae3f77b0222","24780049",,"False","71795","345150","13","31","16","Classical","off","07-control-03.raw.txt","2026-10-09T14:43:50.6616595Z"
"8","measured","candidate","3","True","e90d3d4f90b244c46e8bbf75c33222bba7d58003","64c5efab060f6c8a4ba98d6162af39ab956f8c0c75d8521639d1af9bb5705553","21713284",,"False","61268","354398","13","31","16","Classical","off","08-candidate-03.raw.txt","2026-10-09T14:44:52.1352126Z"
"9","measured","control","4","True","d3a56ffadf0d9151a2b19fba4902a734a99bff96","8b31e3bd9a44523f94158b3719b1845845505e9a07af64e1dccf3ae3f77b0222","24780049",,"False","71439","346870","13","31","16","Classical","off","09-control-04.raw.txt","2026-10-09T14:46:03.7700877Z"
"10","measured","candidate","4","True","e90d3d4f90b244c46e8bbf75c33222bba7d58003","64c5efab060f6c8a4ba98d6162af39ab956f8c0c75d8521639d1af9bb5705553","21713284",,"False","61492","353107","13","31","16","Classical","off","10-candidate-04.raw.txt","2026-10-09T14:47:05.4622656Z"
"11","measured","control","5","True","d3a56ffadf0d9151a2b19fba4902a734a99bff96","8b31e3bd9a44523f94158b3719b1845845505e9a07af64e1dccf3ae3f77b0222","24780049",,"False","74895","330863","13","31","16","Classical","off","11-control-05.raw.txt","2026-10-09T14:48:20.5576243Z"
"12","measured","candidate","5","True","e90d3d4f90b244c46e8bbf75c33222bba7d58003","64c5efab060f6c8a4ba98d6162af39ab956f8c0c75d8521639d1af9bb5705553","21713284",,"False","67600","321202","13","31","16","Classical","off","12-candidate-05.raw.txt","2026-10-09T14:49:28.3832622Z"
"13","measured","control","6","True","d3a56ffadf0d9151a2b19fba4902a734a99bff96","8b31e3bd9a44523f94158b3719b1845845505e9a07af64e1dccf3ae3f77b0222","24780049",,"False","80462","307972","13","31","16","Classical","off","13-control-06.raw.txt","2026-10-09T14:50:49.1986753Z"
"14","measured","candidate","6","True","e90d3d4f90b244c46e8bbf75c33222bba7d58003","64c5efab060f6c8a4ba98d6162af39ab956f8c0c75d8521639d1af9bb5705553","21713284",,"False","61939","350559","13","31","16","Classical","off","14-candidate-06.raw.txt","2026-10-09T14:51:51.3521507Z"
"15","measured","control","7","True","d3a56ffadf0d9151a2b19fba4902a734a99bff96","8b31e3bd9a44523f94158b3719b1845845505e9a07af64e1dccf3ae3f77b0222","24780049",,"False","69250","357834","13","31","16","Classical","off","15-control-07.raw.txt","2026-10-09T14:53:00.8139883Z"
"16","measured","candidate","7","True","e90d3d4f90b244c46e8bbf75c33222bba7d58003","64c5efab060f6c8a4ba98d6162af39ab956f8c0c75d8521639d1af9bb5705553","21713284",,"False","63889","339859","13","31","16","Classical","off","16-candidate-07.raw.txt","2026-10-09T14:54:04.8986697Z"
