"threads","mode","metric","n","minimum","p10","median","p90","maximum","range"
"1","movetime","main_depth","217","10.0","11.0","13.0","17.0","24.0","14.0"
"1","movetime","main_nodes","217","400288.0","545226.0","695112.0","1215038.0","1671011.0","1270723.0"
"1","movetime","total_nodes","217","400288.0","545226.0","695112.0","1215038.0","1671011.0","1270723.0"
"1","movetime","bestmove_ns","217","1.920491E9","1.9205393E9","1.9206219E9","1.920764E9","1.9259426E9","5451600.0"
"1","clock","main_depth","217","11.0","12.0","14.0","18.0","24.0","13.0"
"1","clock","main_nodes","217","574948.0","888506.0","1260586.0","1949563.0","3086696.0","2511748.0"
"1","clock","total_nodes","217","574948.0","888506.0","1260586.0","1949563.0","3086696.0","2511748.0"
"1","clock","bestmove_ns","217","2.3126893E9","2.4610749E9","3.4277435E9","3.8107562E9","3.8110781E9","1.4983888E9"
"2","movetime","main_depth","217","10.0","11.0","13.0","17.0","26.0","16.0"
"2","movetime","main_nodes","217","332207.0","464559.0","622650.0","1033961.0","1495911.0","1163704.0"
"2","movetime","total_nodes","217","667666.0","946207.0","1268214.0","2094267.0","3075584.0","2407918.0"
"2","movetime","bestmove_ns","217","1.9206026E9","1.9206398E9","1.9207233E9","1.9209565E9","1.9212879E9","685300.0"
"2","movetime","helper_depth","217","10.0","11.0","13.0","17.0","26.0","16.0"
"2","movetime","helper_nodes","217","335459.0","479045.0","634749.0","1091996.0","1579673.0","1244214.0"
"2","movetime","max_helper_depth_per_search","217","10.0","11.0","13.0","17.0","26.0","16.0"
"2","clock","main_depth","217","11.0","12.0","14.0","18.0","26.0","15.0"
"2","clock","main_nodes","217","477516.0","721722.0","1056763.0","1861010.0","3257295.0","2779779.0"
"2","clock","total_nodes","217","955572.0","1464677.0","2141227.0","3777275.0","6679965.0","5724393.0"
"2","clock","bestmove_ns","217","2.3165963E9","2.5137484E9","3.5928501E9","3.8109304E9","3.811512E9","1.4949157E9"
"2","clock","helper_depth","217","11.0","12.0","14.0","18.0","26.0","15.0"
"2","clock","helper_nodes","217","478056.0","748004.0","1093913.0","1916265.0","3422670.0","2944614.0"
"2","clock","max_helper_depth_per_search","217","11.0","12.0","14.0","18.0","26.0","15.0"
"4","movetime","main_depth","217","10.0","12.0","13.0","18.0","25.0","15.0"
"4","movetime","main_nodes","217","313430.0","404184.0","572847.0","932744.0","1304284.0","990854.0"
"4","movetime","total_nodes","217","1279128.0","1749658.0","2404351.0","4032948.0","5837514.0","4558386.0"
"4","movetime","bestmove_ns","217","1.9206021E9","1.9206839E9","1.9208015E9","1.9210419E9","1.9222691E9","1667000.0"
"4","movetime","helper_depth","651","10.0","12.0","13.0","18.0","25.0","15.0"
"4","movetime","helper_nodes","651","306717.0","442047.0","603977.0","1012142.0","1622904.0","1316187.0"
"4","movetime","max_helper_depth_per_search","217","10.0","12.0","13.0","18.0","25.0","15.0"
"4","clock","main_depth","217","11.0","13.0","14.0","18.0","25.0","14.0"
"4","clock","main_nodes","217","495640.0","654130.0","965459.0","1779139.0","2751810.0","2256170.0"
"4","clock","total_nodes","217","2080466.0","2728775.0","4079699.0","7422247.0","1.1517378E7","9436912.0"
"4","clock","bestmove_ns","217","2.3233877E9","2.4720667E9","3.5981651E9","3.810957E9","3.811835E9","1.4884473E9"
"4","clock","helper_depth","651","11.0","12.0","14.0","18.0","25.0","14.0"
"4","clock","helper_nodes","651","476690.0","699368.0","1036055.0","1876038.0","3030869.0","2554179.0"
"4","clock","max_helper_depth_per_search","217","11.0","13.0","14.0","18.0","25.0","14.0"
