"threads","mode","position","mean_depth_difference","median_depth_difference","depth_wins","depth_ties","depth_losses","mean_time_difference_ns","move_changes","nt_only_reference_agreement","1t_only_reference_agreement","unresolved_reference_pairs"
"2","movetime","0","0.0","0.0","1","5","1","181271.42857142858","0","0","0","7"
"2","movetime","1","0.0","0.0","0","7","0","173685.7142857143","0","0","0","0"
"2","movetime","2","0.14285714285714285","0.0","2","2","3","169700.0","3","0","0","7"
"2","movetime","3","0.14285714285714285","0.0","1","6","0","199871.42857142858","0","0","0","0"
"2","movetime","4","0.42857142857142855","0.0","3","4","0","228014.2857142857","0","0","0","0"
"2","movetime","5","0.5714285714285714","1.0","4","3","0","145128.57142857142","6","3","0","0"
"2","movetime","6","-0.14285714285714285","0.0","1","4","2","70442.85714285714","0","0","0","0"
"2","movetime","7","0.8571428571428571","1.0","6","1","0","44185.71428571428","2","0","0","7"
"2","movetime","8","-0.14285714285714285","0.0","2","2","3","182300.0","1","0","1","0"
"2","movetime","9","-0.7142857142857143","-1.0","0","2","5","4857.142857142857","0","0","0","0"
"2","movetime","10","0.8571428571428571","1.0","6","1","0","105914.28571428571","2","0","0","7"
"2","movetime","11","-0.2857142857142857","0.0","0","5","2","134285.7142857143","0","0","0","7"
"2","movetime","12","-0.2857142857142857","0.0","1","4","2","113685.71428571429","0","0","0","7"
"2","movetime","13","1.4285714285714286","2.0","6","0","1","14414.285714285714","1","0","1","0"
"2","movetime","14","0.5714285714285714","1.0","5","1","1","115714.28571428571","6","0","0","0"
"2","movetime","15","0.2857142857142857","0.0","2","5","0","-612342.8571428572","0","0","0","0"
"2","movetime","16","0.2857142857142857","0.0","2","5","0","148171.42857142858","5","0","5","0"
"2","movetime","17","0.0","0.0","1","5","1","108528.57142857143","0","0","0","0"
"2","movetime","18","0.14285714285714285","0.0","2","4","1","146114.2857142857","4","3","0","0"
"2","movetime","19","0.8571428571428571","1.0","5","2","0","107528.57142857143","2","0","0","7"
"2","movetime","20","0.7142857142857143","1.0","4","3","0","122857.14285714286","0","0","0","7"
"2","movetime","21","0.2857142857142857","0.0","2","5","0","95157.14285714286","7","0","0","0"
"2","movetime","22","0.0","0.0","1","5","1","135671.42857142858","1","1","0","0"
"2","movetime","23","-0.42857142857142855","0.0","0","4","3","140685.7142857143","0","0","0","7"
"2","movetime","24","0.0","0.0","2","3","2","118457.14285714286","0","0","0","7"
"2","movetime","25","0.2857142857142857","1.0","4","1","2","117114.28571428571","0","0","0","0"
"2","movetime","26","-0.42857142857142855","0.0","0","4","3","172400.0","0","0","0","0"
"2","movetime","27","0.8571428571428571","1.0","5","2","0","126700.0","0","0","0","7"
"2","movetime","28","0.0","0.0","1","5","1","137771.42857142858","0","0","0","0"
"2","movetime","29","0.14285714285714285","0.0","1","6","0","166571.42857142858","0","0","0","0"
"2","movetime","30","-0.14285714285714285","0.0","0","6","1","76785.71428571429","7","1","0","0"
"2","clock","0","0.0","0.0","0","7","0","6.133904285714286E7","0","0","0","7"
"2","clock","1","0.0","0.0","0","7","0","6.763717E8","0","0","0","0"
"2","clock","2","0.14285714285714285","0.0","3","2","2","-5.919202857142857E8","1","0","0","7"
"2","clock","3","0.0","0.0","0","7","0","-1.2980082857142857E8","0","0","0","0"
"2","clock","4","0.5714285714285714","1.0","4","3","0","4.452206714285714E8","0","0","0","0"
"2","clock","5","1.2857142857142858","1.0","6","1","0","-5.1681521428571427E8","6","3","0","0"
"2","clock","6","-0.2857142857142857","0.0","0","5","2","-3.7298004285714287E8","0","0","0","0"
"2","clock","7","0.2857142857142857","0.0","2","5","0","9.378122E8","4","0","0","7"
"2","clock","8","0.2857142857142857","0.0","2","5","0","7.543195714285715E8","0","0","0","0"
"2","clock","9","-0.14285714285714285","0.0","1","4","2","-3.8471584285714287E8","0","0","0","0"
"2","clock","10","0.5714285714285714","1.0","4","3","0","-6.434781142857143E8","4","0","0","7"
"2","clock","11","-0.5714285714285714","0.0","0","4","3","9.073895714285715E8","0","0","0","7"
"2","clock","12","0.7142857142857143","0.0","3","4","0","-3.4458431428571427E8","0","0","0","7"
"2","clock","13","1.7142857142857142","2.0","6","0","1","7.444651428571428E8","0","0","0","0"
"2","clock","14","0.42857142857142855","0.0","3","4","0","4.6653424285714287E8","5","1","0","0"
"2","clock","15","0.5714285714285714","0.0","3","4","0","3.524808571428572E7","0","0","0","0"
"2","clock","16","0.2857142857142857","0.0","2","5","0","3.4896891428571427E8","3","0","3","0"
"2","clock","17","0.0","0.0","1","5","1","-3.862613E8","1","0","1","0"
"2","clock","18","0.7142857142857143","1.0","5","2","0","-4.096511285714286E8","5","3","0","0"
"2","clock","19","0.42857142857142855","1.0","4","2","1","-5.3511871428571427E8","1","0","0","7"
"2","clock","20","0.42857142857142855","1.0","4","2","1","4.308038571428572E7","0","0","0","7"
"2","clock","21","0.2857142857142857","0.0","2","5","0","1.9254542857142857E8","3","0","3","0"
"2","clock","22","0.14285714285714285","0.0","1","6","0","-6.886596285714285E8","0","0","0","0"
"2","clock","23","0.5714285714285714","1.0","4","3","0","-5.445936E8","0","0","0","7"
"2","clock","24","-1.0","-1.0","0","1","6","9.794349714285715E8","0","0","0","7"
"2","clock","25","0.5714285714285714","1.0","4","3","0","-3.781112E8","0","0","0","0"
"2","clock","26","-0.2857142857142857","0.0","1","3","3","3.262275714285714E8","0","0","0","0"
"2","clock","27","0.14285714285714285","0.0","1","6","0","-1.1092142857142857E8","0","0","0","7"
"2","clock","28","-0.14285714285714285","0.0","0","6","1","102700.0","1","0","0","0"
"2","clock","29","0.0","0.0","0","7","0","5.990185285714285E8","0","0","0","0"
"2","clock","30","0.0","0.0","2","3","2","-1.9222304285714287E8","6","0","0","0"
"4","movetime","0","0.5714285714285714","1.0","4","3","0","124514.28571428571","0","0","0","7"
"4","movetime","1","0.5714285714285714","1.0","4","3","0","205471.42857142858","0","0","0","0"
"4","movetime","2","0.0","0.0","1","5","1","247257.14285714287","2","0","0","7"
"4","movetime","3","0.2857142857142857","0.0","2","5","0","247100.0","0","0","0","0"
"4","movetime","4","1.1428571428571428","1.0","7","0","0","299371.4285714286","0","0","0","0"
"4","movetime","5","1.0","1.0","7","0","0","317900.0","3","2","0","0"
"4","movetime","6","1.0","1.0","6","1","0","156228.57142857142","0","0","0","0"
"4","movetime","7","0.7142857142857143","1.0","5","2","0","209900.0","7","0","0","7"
"4","movetime","8","0.7142857142857143","1.0","5","2","0","199600.0","0","0","0","0"
"4","movetime","9","-0.42857142857142855","0.0","0","4","3","133842.85714285713","0","0","0","0"
"4","movetime","10","1.0","1.0","7","0","0","159771.42857142858","3","0","0","7"
"4","movetime","11","-0.2857142857142857","0.0","0","5","2","218442.85714285713","0","0","0","7"
"4","movetime","12","-0.42857142857142855","-1.0","1","2","4","263171.4285714286","0","0","0","7"
"4","movetime","13","1.8571428571428572","2.0","6","0","1","119985.71428571429","0","0","0","0"
"4","movetime","14","1.0","1.0","7","0","0","225328.57142857142","5","1","0","0"
"4","movetime","15","0.5714285714285714","1.0","4","3","0","-586114.2857142857","0","0","0","0"
"4","movetime","16","0.8571428571428571","1.0","6","1","0","158442.85714285713","2","0","2","0"
"4","movetime","17","0.2857142857142857","0.0","2","5","0","235242.85714285713","0","0","0","0"
"4","movetime","18","0.2857142857142857","0.0","2","5","0","272328.5714285714","5","4","0","0"
"4","movetime","19","0.8571428571428571","1.0","4","3","0","209842.85714285713","1","0","0","7"
"4","movetime","20","0.7142857142857143","1.0","4","3","0","188585.7142857143","0","0","0","7"
"4","movetime","21","1.1428571428571428","1.0","7","0","0","131928.57142857142","3","1","0","0"
"4","movetime","22","0.42857142857142855","1.0","4","2","1","171214.2857142857","4","1","3","0"
"4","movetime","23","-0.7142857142857143","-1.0","0","2","5","221385.7142857143","0","0","0","7"
"4","movetime","24","-0.14285714285714285","0.0","2","2","3","240071.42857142858","0","0","0","7"
"4","movetime","25","-0.14285714285714285","0.0","1","4","2","186571.42857142858","0","0","0","0"
"4","movetime","26","0.7142857142857143","1.0","5","2","0","420514.28571428574","0","0","0","0"
"4","movetime","27","1.4285714285714286","2.0","6","1","0","338671.4285714286","0","0","0","7"
"4","movetime","28","-0.42857142857142855","0.0","1","4","2","162657.14285714287","2","2","0","0"
"4","movetime","29","0.2857142857142857","0.0","2","5","0","459071.4285714286","0","0","0","0"
"4","movetime","30","0.0","0.0","2","3","2","24228.571428571428","7","2","0","0"
"4","clock","0","0.0","0.0","0","7","0","7.974362285714285E8","0","0","0","7"
"4","clock","1","0.42857142857142855","0.0","3","4","0","1.0070594714285715E9","0","0","0","0"
"4","clock","2","-0.2857142857142857","0.0","2","2","3","-4.0204971428571425E7","0","0","0","7"
"4","clock","3","0.42857142857142855","0.0","3","4","0","1.1526978571428572E8","0","0","0","0"
"4","clock","4","1.0","1.0","7","0","0","-1.2525865714285715E8","0","0","0","0"
"4","clock","5","1.5714285714285714","2.0","7","0","0","-9.343088857142857E8","6","2","0","0"
"4","clock","6","0.14285714285714285","0.0","1","6","0","9.938261428571428E7","0","0","0","0"
"4","clock","7","0.8571428571428571","1.0","6","1","0","7.948688714285715E8","4","0","0","7"
"4","clock","8","0.8571428571428571","1.0","6","1","0","8.189150285714285E8","0","0","0","0"
"4","clock","9","0.14285714285714285","0.0","1","6","0","-3.2408305714285713E8","0","0","0","0"
"4","clock","10","0.7142857142857143","1.0","5","2","0","-6.567059285714285E8","3","0","0","7"
"4","clock","11","-0.2857142857142857","0.0","1","3","3","9.778213571428572E8","0","0","0","7"
"4","clock","12","0.42857142857142855","0.0","2","5","0","-3.6858244285714287E8","0","0","0","7"
"4","clock","13","2.142857142857143","2.0","7","0","0","3.99446E8","0","0","0","0"
"4","clock","14","0.8571428571428571","1.0","6","1","0","4.0248194285714287E8","5","1","0","0"
"4","clock","15","1.0","1.0","6","1","0","-3.876191285714286E8","0","0","0","0"
"4","clock","16","0.42857142857142855","0.0","3","4","0","5.377533857142857E8","2","0","2","0"
"4","clock","17","-0.14285714285714285","0.0","0","6","1","-5.684745714285715E8","3","0","3","0"
"4","clock","18","0.7142857142857143","1.0","5","2","0","-7.788059571428572E8","7","5","2","0"
"4","clock","19","0.8571428571428571","1.0","6","1","0","-7.335903714285715E8","5","0","0","7"
"4","clock","20","1.1428571428571428","1.0","6","0","1","2.4675864285714287E8","0","0","0","7"
"4","clock","21","0.8571428571428571","1.0","6","1","0","-5.6603828571428575E7","2","0","2","0"
"4","clock","22","0.5714285714285714","1.0","4","3","0","3.806714285714286E7","0","0","0","0"
"4","clock","23","0.7142857142857143","1.0","5","2","0","-2.6720597142857143E8","0","0","0","7"
"4","clock","24","-0.2857142857142857","0.0","0","6","1","4.9171318571428573E8","0","0","0","7"
"4","clock","25","0.0","0.0","2","3","2","-1.7521895714285713E8","0","0","0","0"
"4","clock","26","-0.14285714285714285","0.0","0","6","1","3.062132E8","0","0","0","0"
"4","clock","27","-0.42857142857142855","0.0","0","5","2","1.916113E8","0","0","0","7"
"4","clock","28","0.5714285714285714","1.0","4","3","0","-4.811047E8","3","3","0","0"
"4","clock","29","0.42857142857142855","0.0","3","4","0","8.547962285714285E8","0","0","0","0"
"4","clock","30","0.42857142857142855","0.0","3","4","0","-1.2999058571428572E8","7","2","0","0"
