"threads","mode","pass","mean_depth","agreement_low","agreement_high","agreement_contrast_low_vs_1t","agreement_contrast_high_vs_1t","mean_bestmove_ns"
"1","movetime","1","13.612903225806452","0.45161290322580644","0.8064516129032258","0.0","0.0","1.9206419548387096E9"
"1","movetime","2","13.548387096774194","0.41935483870967744","0.7741935483870968","0.0","0.0","1.9208499096774194E9"
"1","movetime","3","13.612903225806452","0.45161290322580644","0.8064516129032258","0.0","0.0","1.9206410096774194E9"
"1","movetime","4","13.64516129032258","0.45161290322580644","0.8064516129032258","0.0","0.0","1.9206517387096775E9"
"1","movetime","5","13.612903225806452","0.45161290322580644","0.8064516129032258","0.0","0.0","1.9206385E9"
"1","movetime","6","13.580645161290322","0.45161290322580644","0.8064516129032258","0.0","0.0","1.9206245838709676E9"
"1","movetime","7","13.580645161290322","0.45161290322580644","0.8064516129032258","0.0","0.0","1.920590322580645E9"
"1","clock","1","14.32258064516129","0.4838709677419355","0.8387096774193549","0.0","0.0","3.272368561290323E9"
"1","clock","2","14.387096774193548","0.4838709677419355","0.8387096774193549","0.0","0.0","3.302382058064516E9"
"1","clock","3","14.387096774193548","0.4838709677419355","0.8387096774193549","0.0","0.0","3.293828625806452E9"
"1","clock","4","14.419354838709678","0.5161290322580645","0.8709677419354839","0.0","0.0","3.293864477419355E9"
"1","clock","5","14.387096774193548","0.4838709677419355","0.8387096774193549","0.0","0.0","3.173737670967742E9"
"1","clock","6","14.387096774193548","0.4838709677419355","0.8387096774193549","0.0","0.0","3.357290777419355E9"
"1","clock","7","14.419354838709678","0.5161290322580645","0.8709677419354839","0.0","0.0","3.309476822580645E9"
"2","movetime","1","13.774193548387096","0.41935483870967744","0.7741935483870968","-0.0967741935483871","0.03225806451612903","1.9207983096774194E9"
"2","movetime","2","13.870967741935484","0.45161290322580644","0.8064516129032258","0.03225806451612903","0.03225806451612903","1.920751151612903E9"
"2","movetime","3","13.870967741935484","0.45161290322580644","0.8064516129032258","-0.0967741935483871","0.0967741935483871","1.9207509903225806E9"
"2","movetime","4","13.774193548387096","0.4838709677419355","0.8387096774193549","-0.03225806451612903","0.0967741935483871","1.9207486548387096E9"
"2","movetime","5","13.870967741935484","0.41935483870967744","0.7741935483870968","-0.06451612903225806","0.0","1.9207277322580645E9"
"2","movetime","6","13.612903225806452","0.45161290322580644","0.8064516129032258","-0.03225806451612903","0.03225806451612903","1.9207832032258065E9"
"2","movetime","7","13.838709677419354","0.4838709677419355","0.8387096774193549","0.03225806451612903","0.03225806451612903","1.920798670967742E9"
"2","clock","1","14.64516129032258","0.41935483870967744","0.7741935483870968","-0.12903225806451613","0.0","3.334284180645161E9"
"2","clock","2","14.774193548387096","0.5483870967741935","0.9032258064516129","0.0","0.12903225806451613","3.402701506451613E9"
"2","clock","3","14.451612903225806","0.4838709677419355","0.8387096774193549","-0.06451612903225806","0.06451612903225806","3.229588190322581E9"
"2","clock","4","14.741935483870968","0.5161290322580645","0.8709677419354839","-0.03225806451612903","0.03225806451612903","3.084724896774194E9"
"2","clock","5","14.64516129032258","0.5483870967741935","0.9032258064516129","0.06451612903225806","0.06451612903225806","3.33657685483871E9"
"2","clock","6","14.580645161290322","0.4838709677419355","0.8387096774193549","0.0","0.0","3.431585322580645E9"
"2","clock","7","14.612903225806452","0.45161290322580644","0.8064516129032258","-0.16129032258064516","0.03225806451612903","3.474381858064516E9"
"4","movetime","1","13.838709677419354","0.4838709677419355","0.8387096774193549","-0.03225806451612903","0.0967741935483871","1.9208921548387096E9"
"4","movetime","2","14.064516129032258","0.5483870967741935","0.9032258064516129","0.0967741935483871","0.16129032258064516","1.920844758064516E9"
"4","movetime","3","14.290322580645162","0.4838709677419355","0.8387096774193549","-0.06451612903225806","0.12903225806451613","1.9208361967741935E9"
"4","movetime","4","14.32258064516129","0.4838709677419355","0.8387096774193549","0.0","0.06451612903225806","1.920836248387097E9"
"4","movetime","5","14.129032258064516","0.41935483870967744","0.7741935483870968","-0.0967741935483871","0.03225806451612903","1.920876006451613E9"
"4","movetime","6","13.870967741935484","0.45161290322580644","0.8064516129032258","-0.03225806451612903","0.03225806451612903","1.9208192451612904E9"
"4","movetime","7","14.03225806451613","0.5161290322580645","0.8709677419354839","-0.03225806451612903","0.16129032258064516","1.920879787096774E9"
"4","clock","1","14.741935483870968","0.5483870967741935","0.9032258064516129","0.0","0.12903225806451613","3.353881080645161E9"
"4","clock","2","14.935483870967742","0.4838709677419355","0.8387096774193549","-0.06451612903225806","0.06451612903225806","3.201619106451613E9"
"4","clock","3","14.67741935483871","0.4838709677419355","0.8387096774193549","-0.06451612903225806","0.06451612903225806","3.472854425806452E9"
"4","clock","4","14.935483870967742","0.5161290322580645","0.8709677419354839","-0.06451612903225806","0.06451612903225806","3.423246670967742E9"
"4","clock","5","14.96774193548387","0.5483870967741935","0.9032258064516129","0.0","0.12903225806451613","3.354409835483871E9"
"4","clock","6","14.870967741935484","0.5483870967741935","0.9032258064516129","0.03225806451612903","0.0967741935483871","3.392362990322581E9"
"4","clock","7","15.129032258064516","0.45161290322580644","0.8064516129032258","-0.0967741935483871","-0.03225806451612903","3.267892774193548E9"
