"position","fen","dmax","dref","completed_depth","resolved","move","reason","nodes","engine_ns","iterations_json","bestmove_diagnostic"
"0","rnbqkbnr/pppppppp/8/8/8/8/PPPPPPPP/RNBQKBNR w KQkq - 0 1","14","16","16","false","","adjacent_moves_disagree","6417281","16613877900","[{""depth"":1,""move"":""e2e4"",""nodes"":0,""time_ms"":1,""score"":""cp 47"",""pv"":""e2e4"",""stable_depth_count"":0,""stability_scale"":1.0},{""depth"":2,""move"":""d2d4"",""nodes"":20,""time_ms"":2,""score"":""cp 17"",""pv"":""d2d4 d7d5"",""stable_depth_count"":0,""stability_scale"":1.0},{""depth"":3,""move"":""d2d4"",""nodes"":90,""time_ms"":3,""score"":""cp 40"",""pv"":""d2d4 d7d5 g1f3"",""stable_depth_count"":0,""stability_scale"":1.0},{""depth"":4,""move"":""d2d4"",""nodes"":570,""time_ms"":6,""score"":""cp 17"",""pv"":""d2d4 d7d5 g1f3 g8f6"",""stable_depth_count"":0,""stability_scale"":1.0},{""depth"":5,""move"":""g1f3"",""nodes"":1425,""time_ms"":14,""score"":""cp 24"",""pv"":""g1f3 d7d5 d2d3 e7e6 c1e3"",""stable_depth_count"":0,""stability_scale"":1.2},{""depth"":6,""move"":""g1f3"",""nodes"":3680,""time_ms"":28,""score"":""cp 17"",""pv"":""g1f3 d7d5 d2d4 g8f6 h2h3 h7h6"",""stable_depth_count"":1,""stability_scale"":1.0},{""depth"":7,""move"":""e2e4"",""nodes"":7687,""time_ms"":58,""score"":""cp 25"",""pv"":""e2e4 e7e5 g1f3 b8c6 b1c3 g8f6 d2d4"",""stable_depth_count"":0,""stability_scale"":1.2},{""depth"":8,""move"":""e2e4"",""nodes"":14926,""time_ms"":95,""score"":""cp 25"",""pv"":""e2e4 e7e5 b1c3 b8c6 g1f3"",""stable_depth_count"":1,""stability_scale"":1.0},{""depth"":9,""move"":""e2e4"",""nodes"":34595,""time_ms"":175,""score"":""cp 25"",""pv"":""e2e4 e7e5 b1c3 b8c6 g1f3 g8f6 d2d4 e5d4 f3d4"",""stable_depth_count"":2,""stability_scale"":0.85},{""depth"":10,""move"":""e2e4"",""nodes"":84184,""time_ms"":313,""score"":""cp 26"",""pv"":""e2e4 e7e5 g1f3 g8f6 d2d4 f6e4 d4e5 d7d5 c2c3 c7c6"",""stable_depth_count"":3,""stability_scale"":0.75},{""depth"":11,""move"":""e2e4"",""nodes"":141050,""time_ms"":485,""score"":""cp 28"",""pv"":""e2e4 e7e5 g1f3 g8f6 d2d4 f6e4 d4e5 d7d5 c2c3 c7c6 c1e3"",""stable_depth_count"":4,""stability_scale"":0.75},{""depth"":12,""move"":""e2e4"",""nodes"":275746,""time_ms"":858,""score"":""cp 26"",""pv"":""e2e4 e7e5 g1f3 g8f6 d2d4 f6e4 d4e5 d7d5 c2c3 c7c6 c1e3 f8e7"",""stable_depth_count"":5,""stability_scale"":0.75},{""depth"":13,""move"":""e2e4"",""nodes"":528398,""time_ms"":1584,""score"":""cp 29"",""pv"":""e2e4 e7e5 g1f3 g8f6 b1c3 b8c6 d2d4 e5d4 f3d4 c6d4 d1d4 c7c6 f1e2"",""stable_depth_count"":6,""stability_scale"":0.75},{""depth"":14,""move"":""e2e4"",""nodes"":1018284,""time_ms"":3146,""score"":""cp 28"",""pv"":""e2e4 e7e5 g1f3 b8c6 d2d4 e5d4"",""stable_depth_count"":7,""stability_scale"":0.75},{""depth"":15,""move"":""e2e4"",""nodes"":2694324,""time_ms"":7419,""score"":""cp 19"",""pv"":""e2e4 e7e5 b1c3 b8c6 g1f3 g8f6 f1e2 d7d5 e4d5 f6d5 c3d5 d8d5 e1g1 f8e7 c2c3"",""stable_depth_count"":8,""stability_scale"":0.75},{""depth"":16,""move"":""g1f3"",""nodes"":6417281,""time_ms"":16592,""score"":""cp 19"",""pv"":""g1f3 d7d5 d2d4 g8f6 e2e3 c7c6 c2c4 g7g6 b1c3 f8g7 f1e2 e8g8 e1g1 d5c4 e2c4 c8f5"",""stable_depth_count"":0,""stability_scale"":1.2}]","{""move"":""g1f3"",""main_pv"":""g1f3,d7d5,d2d4,g8f6,e2e3,c7c6,c2c4,g7g6,b1c3,f8g7,f1e2,e8g8,e1g1,d5c4,e2c4,c8f5"",""helper_submitted"":""0"",""aborted"":""false"",""helper_exited"":""0"",""helper_exceptions"":""0"",""search_elapsed_ns"":""16613877900"",""helper_started"":""0"",""main_score_cp"":""19"",""main_qnodes"":""13698271"",""source"":""main-result"",""main_tt_hits"":""914942"",""abort_ms"":""16613"",""main_move"":""g1f3"",""main_nodes"":""6417281"",""search"":""497"",""main_depth"":""16"",""legal"":""true"",""helper_pending"":""0"",""bestmove_ms"":""16613"",""event"":""bestmove"",""latest_move"":""g1f3""}"
"1","r3k2r/p1ppqpb1/bn2pnp1/3PN3/1p2P3/2N2Q1p/PPPBBPPP/R3K2R w KQkq - 0 1","12","14","14","true","e2a6","resolved","30055430","107767383500","[{""depth"":1,""move"":""e2a6"",""nodes"":0,""time_ms"":0,""score"":""cp 40"",""pv"":""e2a6"",""stable_depth_count"":0,""stability_scale"":1.0},{""depth"":2,""move"":""c3b5"",""nodes"":51,""time_ms"":2,""score"":""cp 27"",""pv"":""c3b5 h3g2 f3g2"",""stable_depth_count"":0,""stability_scale"":1.0},{""depth"":3,""move"":""d5e6"",""nodes"":354,""time_ms"":8,""score"":""cp 2"",""pv"":""d5e6 b4c3 e6f7 e8d8"",""stable_depth_count"":0,""stability_scale"":1.0},{""depth"":4,""move"":""d5e6"",""nodes"":1281,""time_ms"":12,""score"":""cp -2"",""pv"":""d5e6 b4c3 e6f7 e8d8 d2c3"",""stable_depth_count"":0,""stability_scale"":1.0},{""depth"":5,""move"":""d5e6"",""nodes"":4896,""time_ms"":32,""score"":""cp -67"",""pv"":""d5e6 a6e2 e6f7 e8d8 e1e2 e7e5"",""stable_depth_count"":1,""stability_scale"":1.0},{""depth"":6,""move"":""d5e6"",""nodes"":9661,""time_ms"":54,""score"":""cp -86"",""pv"":""d5e6 a6e2 e6f7 e8d8 e1e2 h3g2 f3g2 e7e5"",""stable_depth_count"":2,""stability_scale"":0.85},{""depth"":7,""move"":""e2a6"",""nodes"":27959,""time_ms"":133,""score"":""cp -119"",""pv"":""e2a6 b4c3 d2c3 e6d5 e1c1 d5e4 f3g3"",""stable_depth_count"":0,""stability_scale"":1.2},{""depth"":8,""move"":""e2a6"",""nodes"":64060,""time_ms"":269,""score"":""cp -123"",""pv"":""e2a6 e6d5 c3d5 b6d5 e1c1 h3g2 f3g2 e7e5 e4d5"",""stable_depth_count"":1,""stability_scale"":1.0},{""depth"":9,""move"":""e2a6"",""nodes"":119517,""time_ms"":484,""score"":""cp -108"",""pv"":""e2a6 e6d5 e5g6 f7g6 c3b5 d5e4 b5c7 e8d8 f3g3 h3g2 h1g1"",""stable_depth_count"":2,""stability_scale"":0.85},{""depth"":10,""move"":""e2a6"",""nodes"":228877,""time_ms"":872,""score"":""cp -122"",""pv"":""e2a6 e6d5 c3d5 f6d5 e5d3 f7f5 e4e5 g7e5 e1c1 h3g2 f3g2"",""stable_depth_count"":3,""stability_scale"":0.75},{""depth"":11,""move"":""e2a6"",""nodes"":574948,""time_ms"":2126,""score"":""cp -108"",""pv"":""e2a6 b4c3 d2c3 e6d5 e5g4 f6g4 c3g7 h8h4 e1c1 d5e4 f3g3 h3g2 g3g2 d7d5"",""stable_depth_count"":4,""stability_scale"":0.75},{""depth"":12,""move"":""e2a6"",""nodes"":1726184,""time_ms"":6216,""score"":""cp -112"",""pv"":""e2a6 b4c3 d2c3 e6d5"",""stable_depth_count"":5,""stability_scale"":0.75},{""depth"":13,""move"":""e2a6"",""nodes"":3475078,""time_ms"":12197,""score"":""cp -90"",""pv"":""e2a6 b4c3 d2c3 e6d5 e5g4 h3g2 f3g2 e8f8 c3f6 g7f6 e1c1 f6g5 c1b1 d5e4 h2h4 h8h4"",""stable_depth_count"":6,""stability_scale"":0.75},{""depth"":14,""move"":""e2a6"",""nodes"":30055430,""time_ms"":107766,""score"":""cp -146"",""pv"":""e2a6 e6d5 c3d5 b6d5 e4d5 e7e5 e1f1 f6e4 d2b4 h3g2 f3g2 a8b8 c2c3 e5d5 a1e1 h8h4"",""stable_depth_count"":7,""stability_scale"":0.75}]","{""move"":""e2a6"",""main_pv"":""e2a6,e6d5,c3d5,b6d5,e4d5,e7e5,e1f1,f6e4,d2b4,h3g2,f3g2,a8b8,c2c3,e5d5,a1e1,h8h4"",""helper_submitted"":""0"",""aborted"":""false"",""helper_exited"":""0"",""helper_exceptions"":""0"",""search_elapsed_ns"":""107767383500"",""helper_started"":""0"",""main_score_cp"":""-146"",""main_qnodes"":""90860654"",""source"":""main-result"",""main_tt_hits"":""2191548"",""abort_ms"":""107767"",""main_move"":""e2a6"",""main_nodes"":""30055430"",""search"":""498"",""main_depth"":""14"",""legal"":""true"",""helper_pending"":""0"",""bestmove_ms"":""107767"",""event"":""bestmove"",""latest_move"":""e2a6""}"
"2","4k3/8/8/8/8/8/4P3/4K3 w - - 5 39","26","28","0","false","","watchdog_timeout","0","0","[]","{}"
"3","r3k2r/Pppp1ppp/1b3nbN/nP6/BBP1P3/q4N2/Pp1P2PP/R2Q1RK1 w kq - 0 1","14","16","16","true","c4c5","resolved","11264638","37188054500","[{""depth"":1,""move"":""c4c5"",""nodes"":0,""time_ms"":0,""score"":""cp -531"",""pv"":""c4c5"",""stable_depth_count"":0,""stability_scale"":1.0},{""depth"":2,""move"":""c4c5"",""nodes"":64,""time_ms"":3,""score"":""cp -621"",""pv"":""c4c5 a3b4 c5b6"",""stable_depth_count"":0,""stability_scale"":1.0},{""depth"":3,""move"":""c4c5"",""nodes"":298,""time_ms"":6,""score"":""cp -621"",""pv"":""c4c5 a3b4 c5b6 b2a1q"",""stable_depth_count"":0,""stability_scale"":1.0},{""depth"":4,""move"":""c4c5"",""nodes"":609,""time_ms"":8,""score"":""cp -543"",""pv"":""c4c5 a3b4 c5b6 b2a1q d1a1"",""stable_depth_count"":0,""stability_scale"":1.0},{""depth"":5,""move"":""c4c5"",""nodes"":2719,""time_ms"":18,""score"":""cp -621"",""pv"":""c4c5 a3b4 c5b6 b2a1q d1a1 b4a4"",""stable_depth_count"":1,""stability_scale"":1.0},{""depth"":6,""move"":""c4c5"",""nodes"":7637,""time_ms"":46,""score"":""cp -506"",""pv"":""c4c5 b6c5 b4c5 a3c5 g1h1 b2a1q d1a1 a5c4 e4e5"",""stable_depth_count"":2,""stability_scale"":0.85},{""depth"":7,""move"":""c4c5"",""nodes"":11620,""time_ms"":62,""score"":""cp -551"",""pv"":""c4c5 b6c5 b4c5 a3c5 g1h1 b2a1q d1a1 a8a7 e4e5 f6d5"",""stable_depth_count"":3,""stability_scale"":0.75},{""depth"":8,""move"":""c4c5"",""nodes"":28087,""time_ms"":126,""score"":""cp -487"",""pv"":""c4c5 b6c5 b4c5 a3c5 g1h1 b2a1q d1a1 h8f8 e4e5 f6d5 h6g4"",""stable_depth_count"":4,""stability_scale"":0.75},{""depth"":9,""move"":""c4c5"",""nodes"":57195,""time_ms"":222,""score"":""cp -508"",""pv"":""c4c5 b6c5 b4c5 a3c5 d2d4 b2a1q d4c5 a1d1 f1d1 g7h6 e4e5 f6e4 b5b6"",""stable_depth_count"":5,""stability_scale"":0.75},{""depth"":10,""move"":""c4c5"",""nodes"":120021,""time_ms"":438,""score"":""cp -548"",""pv"":""c4c5 b6c5 b4c5 a3c5 d2d4 b2a1q d4c5 a1d1 f1d1 f6e4 b5b6 e4c5 b6c7 c5a4 h6g4"",""stable_depth_count"":6,""stability_scale"":0.75},{""depth"":11,""move"":""c4c5"",""nodes"":195035,""time_ms"":690,""score"":""cp -560"",""pv"":""c4c5 b6c5 b4c5 a3c5 d2d4 b2a1q d4c5 a1d1 f1d1 f6e4 a4c2 g7h6 c2e4 g6e4 b5b6 c7b6"",""stable_depth_count"":7,""stability_scale"":0.75},{""depth"":12,""move"":""c4c5"",""nodes"":338688,""time_ms"":1177,""score"":""cp -572"",""pv"":""c4c5 b6c5 b4c5 a3c5 d2d4 b2a1q d4c5 a1d1 f1d1 f6e4 a4c2 g7h6 c2e4 g6e4 d1e1 f7f5 b5b6"",""stable_depth_count"":8,""stability_scale"":0.75},{""depth"":13,""move"":""c4c5"",""nodes"":605659,""time_ms"":2043,""score"":""cp -590"",""pv"":""c4c5 b6c5 b4c5 a3c5 g1h1 b2a1r d1a1 a8a7 e4e5 f6h5 g2g4 g7h6 g4h5 g6h5 d2d4 c5c4 b5b6"",""stable_depth_count"":9,""stability_scale"":0.75},{""depth"":14,""move"":""c4c5"",""nodes"":1428517,""time_ms"":4662,""score"":""cp -573"",""pv"":""c4c5 b6c5 b4c5 a3c5 g1h1 b2a1r d1a1 a8a7 e4e5 f6h5 g2g4 g7h6 g4h5 g6h5 b5b6 c5b6 a4d7 e8e7 d7f5 a5c4"",""stable_depth_count"":10,""stability_scale"":0.75},{""depth"":15,""move"":""c4c5"",""nodes"":5509269,""time_ms"":17907,""score"":""cp -540"",""pv"":""c4c5 b6c5 b4c5 a3c5 g1h1 b2a1q d1a1 a8a7 f1e1 a5c4 a4b3 c5b5 a1d4 c7c5 b3c4 c5d4 c4b5 g7h6 e4e5"",""stable_depth_count"":11,""stability_scale"":0.75},{""depth"":16,""move"":""c4c5"",""nodes"":11264638,""time_ms"":37187,""score"":""cp -539"",""pv"":""c4c5 b2a1q b4a3 a1d1 a4d1 b6a7 f3d4 a5c4 a3b4 f6e4 d2d3 c4e3 d3e4 g7h6 f1e1 e3d1 e1d1"",""stable_depth_count"":12,""stability_scale"":0.75}]","{""move"":""c4c5"",""main_pv"":""c4c5,b2a1q,b4a3,a1d1,a4d1,b6a7,f3d4,a5c4,a3b4,f6e4,d2d3,c4e3,d3e4,g7h6,f1e1,e3d1,e1d1"",""helper_submitted"":""0"",""aborted"":""false"",""helper_exited"":""0"",""helper_exceptions"":""0"",""search_elapsed_ns"":""37188054500"",""helper_started"":""0"",""main_score_cp"":""-539"",""main_qnodes"":""28661200"",""source"":""main-result"",""main_tt_hits"":""1104596"",""abort_ms"":""37188"",""main_move"":""c4c5"",""main_nodes"":""11264638"",""search"":""500"",""main_depth"":""16"",""legal"":""true"",""helper_pending"":""0"",""bestmove_ms"":""37188"",""event"":""bestmove"",""latest_move"":""c4c5""}"
"4","rnbqkbnr/p1pppppp/8/1p6/2PP4/8/PP2PPPP/RNBQKBNR b KQkq c3 0 2","15","17","17","true","b5c4","resolved","9974714","26762912500","[{""depth"":1,""move"":""b5c4"",""nodes"":0,""time_ms"":0,""score"":""cp 11"",""pv"":""b5c4"",""stable_depth_count"":0,""stability_scale"":1.0},{""depth"":2,""move"":""b5c4"",""nodes"":22,""time_ms"":0,""score"":""cp -61"",""pv"":""b5c4 e2e4"",""stable_depth_count"":0,""stability_scale"":1.0},{""depth"":3,""move"":""b5c4"",""nodes"":98,""time_ms"":0,""score"":""cp -5"",""pv"":""b5c4 e2e4 g8f6"",""stable_depth_count"":0,""stability_scale"":1.0},{""depth"":4,""move"":""b5c4"",""nodes"":517,""time_ms"":1,""score"":""cp -18"",""pv"":""b5c4 e2e4 d7d5 e4d5"",""stable_depth_count"":0,""stability_scale"":1.0},{""depth"":5,""move"":""b5c4"",""nodes"":967,""time_ms"":2,""score"":""cp -18"",""pv"":""b5c4 e2e4 d7d5 e4d5 d8d5"",""stable_depth_count"":1,""stability_scale"":1.0},{""depth"":6,""move"":""b5c4"",""nodes"":3075,""time_ms"":7,""score"":""cp -49"",""pv"":""b5c4 e2e4 d7d5 e4d5 c7c6 d5c6"",""stable_depth_count"":2,""stability_scale"":0.85},{""depth"":7,""move"":""b5c4"",""nodes"":5602,""time_ms"":12,""score"":""cp -35"",""pv"":""b5c4 e2e4 e7e6 f1c4 d7d5 c4b5 c7c6 b5d3"",""stable_depth_count"":3,""stability_scale"":0.75},{""depth"":8,""move"":""b5c4"",""nodes"":10350,""time_ms"":24,""score"":""cp -37"",""pv"":""b5c4 e2e4 e7e6 f1c4 d7d5 e4d5 e6d5 c4d3"",""stable_depth_count"":4,""stability_scale"":0.75},{""depth"":9,""move"":""b5c4"",""nodes"":18427,""time_ms"":43,""score"":""cp -26"",""pv"":""b5c4 e2e4 e7e6 f1c4 d7d5 e4d5 e6d5 c4e2 c7c6"",""stable_depth_count"":5,""stability_scale"":0.75},{""depth"":10,""move"":""b5c4"",""nodes"":37497,""time_ms"":92,""score"":""cp -23"",""pv"":""b5c4 e2e4 c8a6 e4e5 e7e6 b1d2 d7d5 e5d6 g8f6 d2c4"",""stable_depth_count"":6,""stability_scale"":0.75},{""depth"":11,""move"":""b5c4"",""nodes"":77703,""time_ms"":202,""score"":""cp -32"",""pv"":""b5c4 e2e4 c8a6 b2b3 c7c5 d4d5 c4b3 f1a6 d8a5 c1d2 a5a6 d1b3"",""stable_depth_count"":7,""stability_scale"":0.75},{""depth"":12,""move"":""b5c4"",""nodes"":303084,""time_ms"":842,""score"":""cp -52"",""pv"":""b5c4 e2e4 c8a6 b1d2 e7e6 d2c4 b8c6 g1f3 d7d5 e4d5 f8b4 c1d2 e6d5"",""stable_depth_count"":8,""stability_scale"":0.75},{""depth"":13,""move"":""b5c4"",""nodes"":444366,""time_ms"":1209,""score"":""cp -45"",""pv"":""b5c4 e2e4 c7c6 f1c4 d7d5 e4d5 c6d5 c4d3 b8c6 g1f3 g8f6 e1g1 a8b8"",""stable_depth_count"":9,""stability_scale"":0.75},{""depth"":14,""move"":""b5c4"",""nodes"":1091361,""time_ms"":3050,""score"":""cp -53"",""pv"":""b5c4 e2e4 c8a6 b1d2 e7e6 d2c4 g8f6 e4e5 d7d5 e5f6 d5c4 f6g7 f8g7 g1f3 b8c6"",""stable_depth_count"":10,""stability_scale"":0.75},{""depth"":15,""move"":""b5c4"",""nodes"":2741882,""time_ms"":7459,""score"":""cp -55"",""pv"":""b5c4 e2e4 e7e6 f1c4 d7d5 c4d3 c7c5 g1f3 c5d4 f3d4 g8f6 b1c3 d5e4 d3e4 f6e4"",""stable_depth_count"":11,""stability_scale"":0.75},{""depth"":16,""move"":""b5c4"",""nodes"":5417505,""time_ms"":14624,""score"":""cp -31"",""pv"":""b5c4 e2e4 c8a6 b2b3 e7e6 f1c4 a6c4 b3c4 b8c6 b1c3 a8b8 g1f3 g8f6 e1g1 h7h6 c4c5"",""stable_depth_count"":12,""stability_scale"":0.75},{""depth"":17,""move"":""b5c4"",""nodes"":9974714,""time_ms"":26762,""score"":""cp -36"",""pv"":""b5c4 e2e4 c8a6 b1c3 e7e6 d1a4 c7c6 f1c4"",""stable_depth_count"":13,""stability_scale"":0.75}]","{""move"":""b5c4"",""main_pv"":""b5c4,e2e4,c8a6,b1c3,e7e6,d1a4,c7c6,f1c4"",""helper_submitted"":""0"",""aborted"":""false"",""helper_exited"":""0"",""helper_exceptions"":""0"",""search_elapsed_ns"":""26762912500"",""helper_started"":""0"",""main_score_cp"":""-36"",""main_qnodes"":""23017994"",""source"":""main-result"",""main_tt_hits"":""1079391"",""abort_ms"":""26762"",""main_move"":""b5c4"",""main_nodes"":""9974714"",""search"":""501"",""main_depth"":""17"",""legal"":""true"",""helper_pending"":""0"",""bestmove_ms"":""26762"",""event"":""bestmove"",""latest_move"":""b5c4""}"
"5","r1bq1r1k/1pp1n1pp/1p1p4/4p2b/2B1P3/P1N1NP2/1PP3PP/R1BQ1RK1 w - - 2 14","14","16","16","true","g1h1","resolved","10211312","29665776400","[{""depth"":1,""move"":""e3g4"",""nodes"":0,""time_ms"":0,""score"":""cp 458"",""pv"":""e3g4"",""stable_depth_count"":0,""stability_scale"":1.0},{""depth"":2,""move"":""g1h1"",""nodes"":41,""time_ms"":0,""score"":""cp 433"",""pv"":""g1h1 c8d7"",""stable_depth_count"":0,""stability_scale"":1.0},{""depth"":3,""move"":""c1d2"",""nodes"":208,""time_ms"":1,""score"":""cp 427"",""pv"":""c1d2 c8d7 d1e2"",""stable_depth_count"":0,""stability_scale"":1.0},{""depth"":4,""move"":""c1d2"",""nodes"":1151,""time_ms"":4,""score"":""cp 436"",""pv"":""c1d2 c8d7 d1e2 c7c6"",""stable_depth_count"":0,""stability_scale"":1.0},{""depth"":5,""move"":""c1d2"",""nodes"":2286,""time_ms"":8,""score"":""cp 421"",""pv"":""c1d2 c7c6 d1e2 b6b5 c4b3"",""stable_depth_count"":1,""stability_scale"":1.0},{""depth"":6,""move"":""d1d3"",""nodes"":5680,""time_ms"":16,""score"":""cp 427"",""pv"":""d1d3 c7c6 c1d2 b6b5 c4b3 b7b6"",""stable_depth_count"":0,""stability_scale"":1.2},{""depth"":7,""move"":""d1e2"",""nodes"":10085,""time_ms"":30,""score"":""cp 425"",""pv"":""d1e2 c7c6 c1d2 b6b5 c4b3 c8d7 e3g4"",""stable_depth_count"":0,""stability_scale"":1.2},{""depth"":8,""move"":""d1e2"",""nodes"":15824,""time_ms"":45,""score"":""cp 428"",""pv"":""d1e2 c7c6 c1d2 b6b5 c4b3 c8d7 g1h1 d8c7"",""stable_depth_count"":1,""stability_scale"":1.0},{""depth"":9,""move"":""d1d3"",""nodes"":47082,""time_ms"":138,""score"":""cp 421"",""pv"":""d1d3 c7c6 c1d2 d8c7 g2g4 h5f7 c4f7 f8f7 d3c4"",""stable_depth_count"":0,""stability_scale"":1.2},{""depth"":10,""move"":""d1d3"",""nodes"":85750,""time_ms"":247,""score"":""cp 422"",""pv"":""d1d3 c7c6 c1d2 b6b5 c4b3 h5f7 c3e2 f7b3 d3b3 c8d7"",""stable_depth_count"":1,""stability_scale"":1.0},{""depth"":11,""move"":""d1d3"",""nodes"":185445,""time_ms"":543,""score"":""cp 420"",""pv"":""d1d3 c7c6 c1d2 b6b5 c4b3 h5f7 b3f7 f8f7"",""stable_depth_count"":2,""stability_scale"":0.85},{""depth"":12,""move"":""d1d3"",""nodes"":415972,""time_ms"":1193,""score"":""cp 419"",""pv"":""d1d3 c7c6 c1d2 b6b5 c4b3 h5f7 b3f7 f8f7 a3a4 b5a4 e3c4 f7f6"",""stable_depth_count"":3,""stability_scale"":0.75},{""depth"":13,""move"":""d1d3"",""nodes"":1549645,""time_ms"":4554,""score"":""cp 416"",""pv"":""d1d3 h7h6 c1d2 h5f7 c4f7"",""stable_depth_count"":4,""stability_scale"":0.75},{""depth"":14,""move"":""g1h1"",""nodes"":3062411,""time_ms"":8941,""score"":""cp 418"",""pv"":""g1h1 c8d7 b2b3 e7c6 c1b2 c6d4 a3a4 h5f7 c4f7 f8f7 d1d2 c7c6 c3e2 d4e2"",""stable_depth_count"":0,""stability_scale"":1.2},{""depth"":15,""move"":""g1h1"",""nodes"":4493235,""time_ms"":12976,""score"":""cp 418"",""pv"":""g1h1 c8d7 b2b3 e7c6 c1b2 c6d4 a3a4 h5f7 c4f7 f8f7 d1d3 c7c6 c3e2 d4e2 d3e2"",""stable_depth_count"":1,""stability_scale"":1.0},{""depth"":16,""move"":""g1h1"",""nodes"":10211312,""time_ms"":29665,""score"":""cp 412"",""pv"":""g1h1 c7c6 c4b3 b6b5 c3e2 d8c7 d1d3 c8d7 c1d2 h5g6 c2c4 b5c4 d3c4 h7h6 c4c3 b7b5"",""stable_depth_count"":2,""stability_scale"":0.85}]","{""move"":""g1h1"",""main_pv"":""g1h1,c7c6,c4b3,b6b5,c3e2,d8c7,d1d3,c8d7,c1d2,h5g6,c2c4,b5c4,d3c4,h7h6,c4c3,b7b5"",""helper_submitted"":""0"",""aborted"":""false"",""helper_exited"":""0"",""helper_exceptions"":""0"",""search_elapsed_ns"":""29665776400"",""helper_started"":""0"",""main_score_cp"":""412"",""main_qnodes"":""23791373"",""source"":""main-result"",""main_tt_hits"":""1313466"",""abort_ms"":""29665"",""main_move"":""g1h1"",""main_nodes"":""10211312"",""search"":""502"",""main_depth"":""16"",""legal"":""true"",""helper_pending"":""0"",""bestmove_ms"":""29665"",""event"":""bestmove"",""latest_move"":""g1h1""}"
"6","r3r1k1/2p2ppp/p1p1bn2/8/1q2P3/2NPQN2/PPP3PP/R4RK1 b - - 2 24","15","17","17","true","b4b2","resolved","13716059","37226685800","[{""depth"":1,""move"":""b4b2"",""nodes"":0,""time_ms"":0,""score"":""cp 6"",""pv"":""b4b2"",""stable_depth_count"":0,""stability_scale"":1.0},{""depth"":2,""move"":""b4b2"",""nodes"":48,""time_ms"":0,""score"":""cp -39"",""pv"":""b4b2 e3d2"",""stable_depth_count"":0,""stability_scale"":1.0},{""depth"":3,""move"":""b4b2"",""nodes"":199,""time_ms"":1,""score"":""cp 2"",""pv"":""b4b2 e3d2 b2b6 d2f2"",""stable_depth_count"":0,""stability_scale"":1.0},{""depth"":4,""move"":""b4b2"",""nodes"":1458,""time_ms"":4,""score"":""cp -2"",""pv"":""b4b2 c3e2 b2c2 f3d4"",""stable_depth_count"":0,""stability_scale"":1.0},{""depth"":5,""move"":""b4b2"",""nodes"":2919,""time_ms"":9,""score"":""cp -29"",""pv"":""b4b2 e3d2 b2b6 g1h1 a8b8 f3e5"",""stable_depth_count"":1,""stability_scale"":1.0},{""depth"":6,""move"":""b4b2"",""nodes"":7348,""time_ms"":23,""score"":""cp -50"",""pv"":""b4b2 e3d2 b2b6 d3d4 a8b8 f3e5 g8h8"",""stable_depth_count"":2,""stability_scale"":0.85},{""depth"":7,""move"":""b4b2"",""nodes"":17826,""time_ms"":52,""score"":""cp -49"",""pv"":""b4b2 e3d2 b2b6 d3d4 e6c4 a1b1 b6a5 f1f2"",""stable_depth_count"":3,""stability_scale"":0.75},{""depth"":8,""move"":""b4b2"",""nodes"":34694,""time_ms"":104,""score"":""cp -63"",""pv"":""b4b2 e3d2 b2b6 d3d4 e6c4 f1b1 b6a5 f3e5 c4b5"",""stable_depth_count"":4,""stability_scale"":0.75},{""depth"":9,""move"":""b4b2"",""nodes"":63781,""time_ms"":186,""score"":""cp -52"",""pv"":""b4b2 e3d2 b2b6 d3d4 e6c4 f1b1 b6a5 f3e5 e8e5 d4e5 a5c5 g1h1"",""stable_depth_count"":5,""stability_scale"":0.75},{""depth"":10,""move"":""b4b2"",""nodes"":102579,""time_ms"":301,""score"":""cp -52"",""pv"":""b4b2 e3d2"",""stable_depth_count"":6,""stability_scale"":0.75},{""depth"":11,""move"":""b4b2"",""nodes"":252736,""time_ms"":735,""score"":""cp -55"",""pv"":""b4b2 d3d4 b2a3 e3d3 a8b8 f3e5 c6c5 d4d5 e6d7 e5c6 b8b2"",""stable_depth_count"":7,""stability_scale"":0.75},{""depth"":12,""move"":""b4b2"",""nodes"":381134,""time_ms"":1088,""score"":""cp -38"",""pv"":""b4b2 d3d4 e6c4 a1b1 b2a3 f1e1 f6g4 e3d2 c6c5 h2h3 c5d4 d2d4"",""stable_depth_count"":8,""stability_scale"":0.75},{""depth"":13,""move"":""b4b2"",""nodes"":634214,""time_ms"":1793,""score"":""cp -43"",""pv"":""b4b2 e3d2 b2b6 g1h1 a8b8 d3d4 c6c5 a1b1 b6a5 d4d5 b8b1 f1b1"",""stable_depth_count"":9,""stability_scale"":0.75},{""depth"":14,""move"":""b4b2"",""nodes"":1156694,""time_ms"":3236,""score"":""cp -34"",""pv"":""b4b2 e3d2 a8b8 a1b1 b2a3 g1h1 a3a5 a2a4 b8b1 f1b1 e8d8 d3d4 c6c5 d4d5"",""stable_depth_count"":10,""stability_scale"":0.75},{""depth"":15,""move"":""b4b2"",""nodes"":1990302,""time_ms"":5375,""score"":""cp -34"",""pv"":""b4b2 e3d2 a8b8 a1b1 b2a3 g1h1 a3a5 h2h3 b8b1 f1b1 h7h6 d3d4 c6c5 d4d5 e6d7"",""stable_depth_count"":11,""stability_scale"":0.75},{""depth"":16,""move"":""b4b2"",""nodes"":3896962,""time_ms"":10195,""score"":""cp -34"",""pv"":""b4b2 e3d2 a8b8 g1h1 b2a3 a1b1 b8b1 f1b1 a3a5 h2h3 h7h6 d3d4"",""stable_depth_count"":12,""stability_scale"":0.75},{""depth"":17,""move"":""b4b2"",""nodes"":13716059,""time_ms"":37225,""score"":""cp -35"",""pv"":""b4b2 d3d4 e6c4 a1b1 b2a3 f1e1 c4b5 e4e5 a3a5 e3d2 f6d5 c3d5 a5d2 d5f6 g7f6 f3d2 a8d8 c2c4"",""stable_depth_count"":13,""stability_scale"":0.75}]","{""move"":""b4b2"",""main_pv"":""b4b2,d3d4,e6c4,a1b1,b2a3,f1e1,c4b5,e4e5,a3a5,e3d2,f6d5,c3d5,a5d2,d5f6,g7f6,f3d2,a8d8,c2c4"",""helper_submitted"":""0"",""aborted"":""false"",""helper_exited"":""0"",""helper_exceptions"":""0"",""search_elapsed_ns"":""37226685800"",""helper_started"":""0"",""main_score_cp"":""-35"",""main_qnodes"":""28595964"",""source"":""main-result"",""main_tt_hits"":""1919871"",""abort_ms"":""37226"",""main_move"":""b4b2"",""main_nodes"":""13716059"",""search"":""503"",""main_depth"":""17"",""legal"":""true"",""helper_pending"":""0"",""bestmove_ms"":""37226"",""event"":""bestmove"",""latest_move"":""b4b2""}"
"7","r1bb4/3n1k2/p3p3/1p1pPp2/1Pp5/2P2N1B/P4PPP/4RK2 w - - 2 21","14","16","16","false","","adjacent_moves_disagree","10103856","23406184300","[{""depth"":1,""move"":""f3d4"",""nodes"":0,""time_ms"":0,""score"":""cp -286"",""pv"":""f3d4"",""stable_depth_count"":0,""stability_scale"":1.0},{""depth"":2,""move"":""f3d4"",""nodes"":21,""time_ms"":0,""score"":""cp -265"",""pv"":""f3d4 c8b7"",""stable_depth_count"":0,""stability_scale"":1.0},{""depth"":3,""move"":""f3d4"",""nodes"":131,""time_ms"":0,""score"":""cp -287"",""pv"":""f3d4 c8b7 f1g1"",""stable_depth_count"":0,""stability_scale"":1.0},{""depth"":4,""move"":""f3d4"",""nodes"":465,""time_ms"":1,""score"":""cp -281"",""pv"":""f3d4 c8b7 f1g1 d8g5"",""stable_depth_count"":0,""stability_scale"":1.0},{""depth"":5,""move"":""h3f5"",""nodes"":1400,""time_ms"":4,""score"":""cp -256"",""pv"":""h3f5 a6a5 f3d4 e6f5 e5e6 f7g6"",""stable_depth_count"":0,""stability_scale"":1.2},{""depth"":6,""move"":""h3f5"",""nodes"":2041,""time_ms"":5,""score"":""cp -246"",""pv"":""h3f5 e6f5 e5e6 f7f6 e6d7 c8d7 f3e5 d7e6"",""stable_depth_count"":1,""stability_scale"":1.0},{""depth"":7,""move"":""h3f5"",""nodes"":5418,""time_ms"":15,""score"":""cp -271"",""pv"":""h3f5 a6a5 f5e6 f7e6 f3d4 e6e7 d4c6 e7e8 e5e6 d7f6"",""stable_depth_count"":2,""stability_scale"":0.85},{""depth"":8,""move"":""g2g4"",""nodes"":10147,""time_ms"":26,""score"":""cp -267"",""pv"":""g2g4 f5g4 h3g4 d7b6 f3d4 c8d7 f1g2 b6a4"",""stable_depth_count"":0,""stability_scale"":1.2},{""depth"":9,""move"":""g2g4"",""nodes"":18000,""time_ms"":45,""score"":""cp -267"",""pv"":""g2g4 f5g4 h3g4 d7b6 f3d4 c8d7 g4h5 f7e7 f1g2 b6a4"",""stable_depth_count"":1,""stability_scale"":1.0},{""depth"":10,""move"":""f3d4"",""nodes"":76162,""time_ms"":191,""score"":""cp -275"",""pv"":""f3d4 d7b6 f2f4 d8c7"",""stable_depth_count"":0,""stability_scale"":1.2},{""depth"":11,""move"":""f3d4"",""nodes"":172627,""time_ms"":435,""score"":""cp -284"",""pv"":""f3d4 d7b6 f2f4 b6a4 e1e3 d8c7 f1f2 c8b7 g2g4 f5g4 h3g4"",""stable_depth_count"":1,""stability_scale"":1.0},{""depth"":12,""move"":""f3d4"",""nodes"":324327,""time_ms"":803,""score"":""cp -286"",""pv"":""f3d4 d7b6 f2f4 b6a4 e1e3 a4b2 g2g4 f5g4 h3g4 b2d3 f4f5 e6f5"",""stable_depth_count"":2,""stability_scale"":0.85},{""depth"":13,""move"":""h3f5"",""nodes"":994398,""time_ms"":2472,""score"":""cp -295"",""pv"":""h3f5 a6a5 a2a3 e6f5 e5e6 f7f6 e6d7 c8d7 f3e5 d7e6 e5c6 d8c7 c6d4 e6d7 h2h4"",""stable_depth_count"":0,""stability_scale"":1.2},{""depth"":14,""move"":""g2g4"",""nodes"":2161127,""time_ms"":5239,""score"":""cp -285"",""pv"":""g2g4 f5g4 h3g4 a6a5 f3d4 d7b6 d4c6 d8c7 b4a5 b6a4 e1e3 c7a5 g4h5 f7g7 e3g3 g7h6"",""stable_depth_count"":0,""stability_scale"":1.2},{""depth"":15,""move"":""h3f5"",""nodes"":4144705,""time_ms"":9768,""score"":""cp -305"",""pv"":""h3f5 e6f5 e5e6 f7e7 e6d7 e7d7 f3d4 d8f6 e1d1 d7d6 g2g3 c8d7 f1g2 a6a5 a2a3 a5b4 a3b4"",""stable_depth_count"":0,""stability_scale"":1.2},{""depth"":16,""move"":""f3d4"",""nodes"":10103856,""time_ms"":23405,""score"":""cp -315"",""pv"":""f3d4 d7b6 g2g4 f5g4 h3g4 c8d7 f2f4 b6a4 e1e3 d8b6 f4f5 b6d4 g4h5 f7f8 c3d4"",""stable_depth_count"":0,""stability_scale"":1.2}]","{""move"":""f3d4"",""main_pv"":""f3d4,d7b6,g2g4,f5g4,h3g4,c8d7,f2f4,b6a4,e1e3,d8b6,f4f5,b6d4,g4h5,f7f8,c3d4"",""helper_submitted"":""0"",""aborted"":""false"",""helper_exited"":""0"",""helper_exceptions"":""0"",""search_elapsed_ns"":""23406184300"",""helper_started"":""0"",""main_score_cp"":""-315"",""main_qnodes"":""23946166"",""source"":""main-result"",""main_tt_hits"":""1313300"",""abort_ms"":""23406"",""main_move"":""f3d4"",""main_nodes"":""10103856"",""search"":""504"",""main_depth"":""16"",""legal"":""true"",""helper_pending"":""0"",""bestmove_ms"":""23406"",""event"":""bestmove"",""latest_move"":""f3d4""}"
"8","r1bq1rk1/ppp1nppp/4n3/3p3Q/3P4/1BP1B3/PP1N2PP/R4RK1 w - - 1 16","14","16","16","true","b3c2","resolved","9159059","24157792400","[{""depth"":1,""move"":""a1e1"",""nodes"":0,""time_ms"":0,""score"":""cp 57"",""pv"":""a1e1"",""stable_depth_count"":0,""stability_scale"":1.0},{""depth"":2,""move"":""a1e1"",""nodes"":52,""time_ms"":0,""score"":""cp 50"",""pv"":""a1e1 c7c6"",""stable_depth_count"":0,""stability_scale"":1.0},{""depth"":3,""move"":""a1e1"",""nodes"":370,""time_ms"":1,""score"":""cp 61"",""pv"":""a1e1 c7c6 b3c2"",""stable_depth_count"":0,""stability_scale"":1.0},{""depth"":4,""move"":""a1e1"",""nodes"":1746,""time_ms"":4,""score"":""cp 54"",""pv"":""a1e1 c7c6 b3c2 e7g6"",""stable_depth_count"":0,""stability_scale"":1.0},{""depth"":5,""move"":""a1e1"",""nodes"":3195,""time_ms"":9,""score"":""cp 43"",""pv"":""a1e1 c7c6 b3c2 e7g6 h5e2"",""stable_depth_count"":1,""stability_scale"":1.0},{""depth"":6,""move"":""a1e1"",""nodes"":9099,""time_ms"":23,""score"":""cp 28"",""pv"":""a1e1 c7c6 b3c2 e7g6 h5e2 f8e8"",""stable_depth_count"":2,""stability_scale"":0.85},{""depth"":7,""move"":""a1e1"",""nodes"":20174,""time_ms"":48,""score"":""cp 26"",""pv"":""a1e1 c7c6 h5h4 c8d7 b3c2 f7f5 h4g3"",""stable_depth_count"":3,""stability_scale"":0.75},{""depth"":8,""move"":""a1e1"",""nodes"":34899,""time_ms"":82,""score"":""cp 31"",""pv"":""a1e1 c7c6 h5h4 c8d7 b3c2 f7f5 e3f4 h7h6"",""stable_depth_count"":4,""stability_scale"":0.75},{""depth"":9,""move"":""a1e1"",""nodes"":69744,""time_ms"":172,""score"":""cp 17"",""pv"":""a1e1 c7c6 h5h4 e7g6 h4d8 f8d8 b3c2 d8e8 f1f5"",""stable_depth_count"":5,""stability_scale"":0.75},{""depth"":10,""move"":""a1e1"",""nodes"":155301,""time_ms"":383,""score"":""cp 10"",""pv"":""a1e1 c7c6 h5h4 e7g6 h4d8 f8d8 b3c2 d8e8 g2g3 c8d7"",""stable_depth_count"":6,""stability_scale"":0.75},{""depth"":11,""move"":""b3c2"",""nodes"":347184,""time_ms"":892,""score"":""cp 9"",""pv"":""b3c2 e7g6 d2f3 d8d6 f3e5 c8d7 a2a4 a7a5 g1h1 a8e8 a1e1"",""stable_depth_count"":0,""stability_scale"":1.2},{""depth"":12,""move"":""b3c2"",""nodes"":613184,""time_ms"":1647,""score"":""cp 12"",""pv"":""b3c2 e7g6 d2f3 d8d6 f3e5 c8d7 a2a4 a8e8 a1e1 a7a6 a4a5 g6e5"",""stable_depth_count"":1,""stability_scale"":1.0},{""depth"":13,""move"":""b3c2"",""nodes"":944419,""time_ms"":2498,""score"":""cp 16"",""pv"":""b3c2 e7g6 d2f3 c7c6 f3e5 c8d7 a1e1 a7a6"",""stable_depth_count"":2,""stability_scale"":0.85},{""depth"":14,""move"":""b3c2"",""nodes"":1579031,""time_ms"":4127,""score"":""cp 17"",""pv"":""b3c2 e7g6 d2f3 c7c6 f3e5 c8d7 a1e1 d8c7 e3d2 a8e8 h5h3 c6c5 e5d7 c7d7"",""stable_depth_count"":3,""stability_scale"":0.75},{""depth"":15,""move"":""b3c2"",""nodes"":5495704,""time_ms"":14709,""score"":""cp 13"",""pv"":""b3c2 e7g6 d2f3 d8d6 f3e5 c8d7 a2a4 a8e8 a1e1 a7a6 g1h1 a6a5 f1f2 b7b6 e5d7"",""stable_depth_count"":4,""stability_scale"":0.75},{""depth"":16,""move"":""b3c2"",""nodes"":9159059,""time_ms"":24157,""score"":""cp 18"",""pv"":""b3c2 e7g6 d2f3 c7c6 f3e5 d8b6 a1b1 b6c7 b1e1 c8d7"",""stable_depth_count"":5,""stability_scale"":0.75}]","{""move"":""b3c2"",""main_pv"":""b3c2,e7g6,d2f3,c7c6,f3e5,d8b6,a1b1,b6c7,b1e1,c8d7"",""helper_submitted"":""0"",""aborted"":""false"",""helper_exited"":""0"",""helper_exceptions"":""0"",""search_elapsed_ns"":""24157792400"",""helper_started"":""0"",""main_score_cp"":""18"",""main_qnodes"":""17632092"",""source"":""main-result"",""main_tt_hits"":""1274873"",""abort_ms"":""24157"",""main_move"":""b3c2"",""main_nodes"":""9159059"",""search"":""505"",""main_depth"":""16"",""legal"":""true"",""helper_pending"":""0"",""bestmove_ms"":""24157"",""event"":""bestmove"",""latest_move"":""b3c2""}"
"9","6k1/3r4/2R5/P5pp/3b4/6P1/5PK1/8 w - - 1 45","16","18","18","true","c6g6","resolved","18534054","34682699000","[{""depth"":1,""move"":""a5a6"",""nodes"":0,""time_ms"":0,""score"":""cp -112"",""pv"":""a5a6"",""stable_depth_count"":0,""stability_scale"":1.0},{""depth"":2,""move"":""a5a6"",""nodes"":28,""time_ms"":0,""score"":""cp -98"",""pv"":""a5a6 g8f7"",""stable_depth_count"":0,""stability_scale"":1.0},{""depth"":3,""move"":""a5a6"",""nodes"":205,""time_ms"":0,""score"":""cp -116"",""pv"":""a5a6 g8g7 g2f3"",""stable_depth_count"":0,""stability_scale"":1.0},{""depth"":4,""move"":""c6g6"",""nodes"":778,""time_ms"":1,""score"":""cp -114"",""pv"":""c6g6 d7g7 g6g7 g8g7 a5a6 g7f6"",""stable_depth_count"":0,""stability_scale"":1.0},{""depth"":5,""move"":""c6g6"",""nodes"":1262,""time_ms"":2,""score"":""cp -115"",""pv"":""c6g6 d7g7 g6g7 g8g7 a5a6 g7f6 g2f3"",""stable_depth_count"":1,""stability_scale"":1.0},{""depth"":6,""move"":""a5a6"",""nodes"":3161,""time_ms"":6,""score"":""cp -122"",""pv"":""a5a6 g8g7 f2f3 h5h4 f3f4 g5f4"",""stable_depth_count"":0,""stability_scale"":1.2},{""depth"":7,""move"":""c6g6"",""nodes"":8358,""time_ms"":15,""score"":""cp -100"",""pv"":""c6g6 d7g7 g6d6 d4e5 d6c6 g8f7 a5a6 g7g6"",""stable_depth_count"":0,""stability_scale"":1.2},{""depth"":8,""move"":""c6g6"",""nodes"":11651,""time_ms"":22,""score"":""cp -96"",""pv"":""c6g6 d7g7 g6d6 d4e5 d6c6 g5g4 a5a6 g7f7 c6c5"",""stable_depth_count"":1,""stability_scale"":1.0},{""depth"":9,""move"":""c6g6"",""nodes"":18628,""time_ms"":34,""score"":""cp -93"",""pv"":""c6g6 d7g7 g6d6 d4e5 d6c6 g5g4 a5a6 g7f7 c6c5 e5d4"",""stable_depth_count"":2,""stability_scale"":0.85},{""depth"":10,""move"":""c6g6"",""nodes"":34307,""time_ms"":63,""score"":""cp -76"",""pv"":""c6g6 d7g7 g6d6 d4e5 d6e6 e5c3 a5a6 g7a7 e6c6 c3d4 c6d6"",""stable_depth_count"":3,""stability_scale"":0.75},{""depth"":11,""move"":""c6g6"",""nodes"":54762,""time_ms"":100,""score"":""cp -93"",""pv"":""c6g6 d7g7 g6d6 d4e5 d6e6 e5c3 a5a6 g7a7 g2f3 g5g4 f3e3 a7d7 e6c6"",""stable_depth_count"":4,""stability_scale"":0.75},{""depth"":12,""move"":""c6g6"",""nodes"":141856,""time_ms"":260,""score"":""cp -107"",""pv"":""c6g6 d7g7 g6d6 d4a7 f2f3 g8f7 a5a6 h5h4 g2h3 f7e7 d6c6 e7d7 c6c4"",""stable_depth_count"":5,""stability_scale"":0.75},{""depth"":13,""move"":""c6g6"",""nodes"":258683,""time_ms"":475,""score"":""cp -110"",""pv"":""c6g6 d7g7 g6d6 d4a7 d6d5 g8f7 d5d6 f7e7 d6c6 g7f7 c6c7 e7f6 c7f7 f6f7 a5a6 a7c5"",""stable_depth_count"":6,""stability_scale"":0.75},{""depth"":14,""move"":""c6g6"",""nodes"":405877,""time_ms"":748,""score"":""cp -116"",""pv"":""c6g6 d7g7 g6d6 d4a7 d6d5 g8h7 a5a6 g7f7 f2f4 g5f4 g3f4 h7g6 d5g5 g6h6 g2f3 f7f6"",""stable_depth_count"":7,""stability_scale"":0.75},{""depth"":15,""move"":""c6g6"",""nodes"":791214,""time_ms"":1493,""score"":""cp -117"",""pv"":""c6g6 d7g7 g6d6 d4a7 d6d5 g8h7 a5a6 g7f7 f2f4 g5f4 g3f4 h7g6 g2f3 f7f6 d5g5 g6h6"",""stable_depth_count"":8,""stability_scale"":0.75},{""depth"":16,""move"":""c6g6"",""nodes"":2474618,""time_ms"":4564,""score"":""cp -129"",""pv"":""c6g6 d7g7 g6d6 d4a7 d6d5 g8f7 a5a6 f7g6 d5d6 g6f5 d6d5 f5e4 d5b5 g7g6 b5a5 e4d3 a5a4"",""stable_depth_count"":9,""stability_scale"":0.75},{""depth"":17,""move"":""c6g6"",""nodes"":8068505,""time_ms"":14892,""score"":""cp -130"",""pv"":""c6g6 d7g7 g6d6 d4a7 a5a6 g8h7 d6d5 g7f7 f2f4 g5f4 g3f4 h7h6 d5d6 h6g7 g2f3 a7b8 d6d4 h5h4 f3g4 f7f6"",""stable_depth_count"":10,""stability_scale"":0.75},{""depth"":18,""move"":""c6g6"",""nodes"":18534054,""time_ms"":34682,""score"":""cp -137"",""pv"":""c6g6 d7g7 g6d6 d4a7 a5a6 g7f7 f2f3 g8h7 d6c6 h7g7 c6e6 f7d7 e6c6 d7d2 g2h3 a7d4 f3f4 g5f4 a6a7 d2a2"",""stable_depth_count"":11,""stability_scale"":0.75}]","{""move"":""c6g6"",""main_pv"":""c6g6,d7g7,g6d6,d4a7,a5a6,g7f7,f2f3,g8h7,d6c6,h7g7,c6e6,f7d7,e6c6,d7d2,g2h3,a7d4,f3f4,g5f4,a6a7,d2a2"",""helper_submitted"":""0"",""aborted"":""false"",""helper_exited"":""0"",""helper_exceptions"":""0"",""search_elapsed_ns"":""34682699000"",""helper_started"":""0"",""main_score_cp"":""-137"",""main_qnodes"":""42874553"",""source"":""main-result"",""main_tt_hits"":""5295209"",""abort_ms"":""34682"",""main_move"":""c6g6"",""main_nodes"":""18534054"",""search"":""506"",""main_depth"":""18"",""legal"":""true"",""helper_pending"":""0"",""bestmove_ms"":""34682"",""event"":""bestmove"",""latest_move"":""c6g6""}"
"10","r1bq1rk1/pp2ppbp/2np1np1/8/3NP3/2N1BP2/PPPQ2PP/R4RK1 b - - 0 10","13","15","15","false","","adjacent_moves_disagree","14502667","41629167300","[{""depth"":1,""move"":""e7e5"",""nodes"":0,""time_ms"":0,""score"":""cp 424"",""pv"":""e7e5"",""stable_depth_count"":0,""stability_scale"":1.0},{""depth"":2,""move"":""c6e5"",""nodes"":36,""time_ms"":0,""score"":""cp 429"",""pv"":""c6e5 a2a3"",""stable_depth_count"":0,""stability_scale"":1.0},{""depth"":3,""move"":""c6e5"",""nodes"":157,""time_ms"":0,""score"":""cp 434"",""pv"":""c6e5 a2a3 e5c4"",""stable_depth_count"":0,""stability_scale"":1.0},{""depth"":4,""move"":""c6e5"",""nodes"":510,""time_ms"":1,""score"":""cp 441"",""pv"":""c6e5 a2a4 c8d7 d4b5"",""stable_depth_count"":0,""stability_scale"":1.0},{""depth"":5,""move"":""c6e5"",""nodes"":1436,""time_ms"":5,""score"":""cp 433"",""pv"":""c6e5 b2b3 d6d5 e4d5 f6d5"",""stable_depth_count"":1,""stability_scale"":1.0},{""depth"":6,""move"":""c6e5"",""nodes"":3102,""time_ms"":9,""score"":""cp 433"",""pv"":""c6e5 b2b3 d6d5 e4d5 f6d5 c3d5"",""stable_depth_count"":2,""stability_scale"":0.85},{""depth"":7,""move"":""c6e5"",""nodes"":6975,""time_ms"":20,""score"":""cp 434"",""pv"":""c6e5 b2b3 c8d7 e3h6 g7h6 d2h6 a8c8"",""stable_depth_count"":3,""stability_scale"":0.75},{""depth"":8,""move"":""c6d4"",""nodes"":20737,""time_ms"":58,""score"":""cp 439"",""pv"":""c6d4 e3d4 c8d7 d4f2 a7a6"",""stable_depth_count"":0,""stability_scale"":1.2},{""depth"":9,""move"":""a7a6"",""nodes"":53524,""time_ms"":150,""score"":""cp 434"",""pv"":""a7a6 d4c6 b7c6 a2a3 a8b8 b2b3 d6d5 e3d4 d5e4"",""stable_depth_count"":0,""stability_scale"":1.2},{""depth"":10,""move"":""a7a6"",""nodes"":111701,""time_ms"":314,""score"":""cp 436"",""pv"":""a7a6 d4c6 b7c6 a2a3 a8b8 b2b3 f6d7 e3f2 c6c5 h2h3 c8b7"",""stable_depth_count"":1,""stability_scale"":1.0},{""depth"":11,""move"":""c6d4"",""nodes"":387158,""time_ms"":1094,""score"":""cp 427"",""pv"":""c6d4 e3d4 c8d7 a2a3 d8c7 a1d1 a7a6 c3d5 f6d5 d4g7 g8g7"",""stable_depth_count"":0,""stability_scale"":1.2},{""depth"":12,""move"":""c6d4"",""nodes"":684668,""time_ms"":1939,""score"":""cp 429"",""pv"":""c6d4 e3d4 d8a5 a2a3 c8e6 b2b4 a5a6 a3a4 a8c8 a4a5 h7h6 d4f2"",""stable_depth_count"":1,""stability_scale"":1.0},{""depth"":13,""move"":""c6d4"",""nodes"":1463870,""time_ms"":4198,""score"":""cp 432"",""pv"":""c6d4 e3d4 d8a5 a2a3 c8e6 b2b4 a5c7 a3a4 a7a6 a4a5 a8c8 h2h3 c7d7"",""stable_depth_count"":2,""stability_scale"":0.85},{""depth"":14,""move"":""a7a6"",""nodes"":4148202,""time_ms"":11926,""score"":""cp 426"",""pv"":""a7a6 d4c6 b7c6 a2a4 a8b8 b2b3 a6a5 e3a7 b8b7 a7f2 e7e5 a1d1 f6e8 d2e2"",""stable_depth_count"":0,""stability_scale"":1.2},{""depth"":15,""move"":""c6e5"",""nodes"":14502667,""time_ms"":41628,""score"":""cp 421"",""pv"":""c6e5 b2b3 c8d7 d4e2 a8c8 e3h6 d8b6 g1h1 g7h6 d2h6"",""stable_depth_count"":0,""stability_scale"":1.2}]","{""move"":""c6e5"",""main_pv"":""c6e5,b2b3,c8d7,d4e2,a8c8,e3h6,d8b6,g1h1,g7h6,d2h6"",""helper_submitted"":""0"",""aborted"":""false"",""helper_exited"":""0"",""helper_exceptions"":""0"",""search_elapsed_ns"":""41629167300"",""helper_started"":""0"",""main_score_cp"":""421"",""main_qnodes"":""38999918"",""source"":""main-result"",""main_tt_hits"":""1430977"",""abort_ms"":""41629"",""main_move"":""c6e5"",""main_nodes"":""14502667"",""search"":""507"",""main_depth"":""15"",""legal"":""true"",""helper_pending"":""0"",""bestmove_ms"":""41629"",""event"":""bestmove"",""latest_move"":""c6e5""}"
"11","8/p7/1p2k1p1/2p5/2P1b3/1P3P2/P2K4/8 b - - 0 38","18","20","0","false","","watchdog_timeout","0","0","[]","{}"
"12","8/8/6k1/8/5P2/4K1P1/8/8 b - - 0 65","20","22","0","false","","watchdog_timeout","0","0","[]","{}"
"13","8/2p5/3p4/KP5r/1R3p1k/8/4P1P1/8 w - - 0 1","18","20","20","true","b4f4","resolved","12323987","23679093500","[{""depth"":1,""move"":""b4c4"",""nodes"":0,""time_ms"":0,""score"":""cp 66"",""pv"":""b4c4"",""stable_depth_count"":0,""stability_scale"":1.0},{""depth"":2,""move"":""b4f4"",""nodes"":18,""time_ms"":0,""score"":""cp 27"",""pv"":""b4f4 h4g3 f4c4"",""stable_depth_count"":0,""stability_scale"":1.0},{""depth"":3,""move"":""b4f4"",""nodes"":117,""time_ms"":0,""score"":""cp 16"",""pv"":""b4f4 h4g3 f4c4 h5c5"",""stable_depth_count"":0,""stability_scale"":1.0},{""depth"":4,""move"":""b4f4"",""nodes"":464,""time_ms"":1,""score"":""cp 16"",""pv"":""b4f4 h4g3 f4c4 h5c5 c4c5"",""stable_depth_count"":0,""stability_scale"":1.0},{""depth"":5,""move"":""b4f4"",""nodes"":907,""time_ms"":2,""score"":""cp 17"",""pv"":""b4f4 h4g3 f4c4 h5h7 b5b6 h7h5 a5a6"",""stable_depth_count"":1,""stability_scale"":1.0},{""depth"":6,""move"":""b4f4"",""nodes"":2078,""time_ms"":21,""score"":""cp 8"",""pv"":""b4f4 h4g3 f4c4 h5h7 b5b6 c7b6 a5b6 h7e7"",""stable_depth_count"":2,""stability_scale"":0.85},{""depth"":7,""move"":""b4f4"",""nodes"":3380,""time_ms"":24,""score"":""cp 30"",""pv"":""b4f4 h4g3 f4c4 h5c5 c4c5 d6c5 b5b6 c7b6 a5b6"",""stable_depth_count"":3,""stability_scale"":0.75},{""depth"":8,""move"":""b4f4"",""nodes"":6456,""time_ms"":29,""score"":""cp 14"",""pv"":""b4f4 h4g3 f4c4 h5c5 a5b4 c5c4 b4c4 g3g2 c4d3 g2f2"",""stable_depth_count"":4,""stability_scale"":0.75},{""depth"":9,""move"":""b4f4"",""nodes"":12070,""time_ms"":39,""score"":""cp 26"",""pv"":""b4f4 h4g3 f4c4 h5c5 c4c5 d6c5 a5a6 c5c4 a6b7 c4c3"",""stable_depth_count"":5,""stability_scale"":0.75},{""depth"":10,""move"":""b4f4"",""nodes"":16275,""time_ms"":46,""score"":""cp 26"",""pv"":""b4f4 h4g3 f4c4 h5c5 c4c5 d6c5 a5a6 c5c4 a6b7 c4c3 b7c7"",""stable_depth_count"":6,""stability_scale"":0.75},{""depth"":11,""move"":""b4f4"",""nodes"":32825,""time_ms"":75,""score"":""cp 20"",""pv"":""b4f4 h4g3 f4f3 g3g2 a5a6 h5c5 f3f7 g2g3 a6b7 c5b5 b7c7 b5e5 f7g7 g3f4 c7d6"",""stable_depth_count"":7,""stability_scale"":0.75},{""depth"":12,""move"":""b4f4"",""nodes"":73415,""time_ms"":145,""score"":""cp 20"",""pv"":""b4f4 h4g3 f4f3 g3g2 a5a6 h5c5 f3f7 g2g3 a6b7 c5b5 b7c7 b5e5 f7g7 g3f4 c7d6 e5e2"",""stable_depth_count"":8,""stability_scale"":0.75},{""depth"":13,""move"":""b4f4"",""nodes"":134731,""time_ms"":260,""score"":""cp 19"",""pv"":""b4f4 h4g3 f4f3 g3g2 f3c3 h5c5 c3c5 d6c5 e2e4 c5c4 a5b4 g2f3 e4e5 f3f4"",""stable_depth_count"":9,""stability_scale"":0.75},{""depth"":14,""move"":""b4f4"",""nodes"":375874,""time_ms"":728,""score"":""cp 19"",""pv"":""b4f4 h4g3 f4f3 g3g2 f3c3 h5c5 c3c5 d6c5 e2e4 c5c4 a5b4 g2f3 e4e5 f3f4 e5e6 f4f5"",""stable_depth_count"":10,""stability_scale"":0.75},{""depth"":15,""move"":""b4f4"",""nodes"":1325156,""time_ms"":2478,""score"":""cp 87"",""pv"":""b4f4 h4g3 f4c4 h5h7 a5a6 g3g2 a6b7 h7h5 b7c7 h5b5 c7d6 b5b2 e2e4 g2f3 e4e5 b2d2 d6e7"",""stable_depth_count"":11,""stability_scale"":0.75},{""depth"":16,""move"":""b4f4"",""nodes"":1882412,""time_ms"":3504,""score"":""cp 91"",""pv"":""b4f4 h4g3 f4c4 h5h7 a5a6 g3g2 a6b7 h7h5 b7c7 h5b5 c7d6 b5b2 e2e3 b2b6 d6e5 b6b5 e5f4 b5b2 e3e4 g2f2 e4e5"",""stable_depth_count"":12,""stability_scale"":0.75},{""depth"":17,""move"":""b4f4"",""nodes"":2277113,""time_ms"":4281,""score"":""cp 91"",""pv"":""b4f4 h4g3 f4c4 h5h7 a5a6 g3g2 a6b7 h7h5 b7c7 h5b5 c7d6 g2g3 c4c5 b5b6 d6d5 b6b2 e2e4 g3f3 c5c3 f3f4 e4e5"",""stable_depth_count"":13,""stability_scale"":0.75},{""depth"":18,""move"":""b4f4"",""nodes"":3673079,""time_ms"":6972,""score"":""cp 93"",""pv"":""b4f4 h4g3 f4c4 h5h7 a5a6 g3g2 a6b7 h7h5 b7c7 h5b5 c7d6 g2g3 c4c5 b5b4 d6d5 b4b2"",""stable_depth_count"":14,""stability_scale"":0.75},{""depth"":19,""move"":""b4f4"",""nodes"":5380670,""time_ms"":10096,""score"":""cp 87"",""pv"":""b4f4 h4g3 f4c4 h5h7 a5a6 g3g2 a6b7 h7h5 b7c7 h5b5 c7d6 g2g3 d6e6 b5b1 e6d5 b1b5"",""stable_depth_count"":15,""stability_scale"":0.75},{""depth"":20,""move"":""b4f4"",""nodes"":12323987,""time_ms"":23676,""score"":""cp 93"",""pv"":""b4f4 h4g3 f4c4 h5h7 a5a6 g3g2 a6b7 h7h5 b7c7 h5b5 c7d6 g2g3 e2e4 g3f4 e4e5 f4f5"",""stable_depth_count"":16,""stability_scale"":0.75}]","{""move"":""b4f4"",""main_pv"":""b4f4,h4g3,f4c4,h5h7,a5a6,g3g2,a6b7,h7h5,b7c7,h5b5,c7d6,g2g3,e2e4,g3f4,e4e5,f4f5"",""helper_submitted"":""0"",""aborted"":""false"",""helper_exited"":""0"",""helper_exceptions"":""0"",""search_elapsed_ns"":""23679093500"",""helper_started"":""0"",""main_score_cp"":""93"",""main_qnodes"":""33538228"",""source"":""main-result"",""main_tt_hits"":""4803107"",""abort_ms"":""23679"",""main_move"":""b4f4"",""main_nodes"":""12323987"",""search"":""510"",""main_depth"":""20"",""legal"":""true"",""helper_pending"":""0"",""bestmove_ms"":""23679"",""event"":""bestmove"",""latest_move"":""b4f4""}"
"14","r1bq1r1k/b1p1npp1/p2p3p/1p6/3PP3/1B2NN2/PP3PPP/R2Q1RK1 w - - 1 16","13","15","15","true","d1d3","resolved","7788237","22940397900","[{""depth"":1,""move"":""a1c1"",""nodes"":0,""time_ms"":0,""score"":""cp 115"",""pv"":""a1c1"",""stable_depth_count"":0,""stability_scale"":1.0},{""depth"":2,""move"":""d1d3"",""nodes"":35,""time_ms"":0,""score"":""cp 89"",""pv"":""d1d3 c8e6"",""stable_depth_count"":0,""stability_scale"":1.0},{""depth"":3,""move"":""a1c1"",""nodes"":168,""time_ms"":0,""score"":""cp 100"",""pv"":""a1c1 c8b7 d1d3"",""stable_depth_count"":0,""stability_scale"":1.0},{""depth"":4,""move"":""a1c1"",""nodes"":1007,""time_ms"":2,""score"":""cp 103"",""pv"":""a1c1 c8b7 d1d3 d8d7"",""stable_depth_count"":0,""stability_scale"":1.0},{""depth"":5,""move"":""a2a4"",""nodes"":1820,""time_ms"":5,""score"":""cp 98"",""pv"":""a2a4 c7c6 a4b5 a6b5 d1e2"",""stable_depth_count"":0,""stability_scale"":1.2},{""depth"":6,""move"":""a1c1"",""nodes"":4052,""time_ms"":10,""score"":""cp 102"",""pv"":""a1c1 c8b7 d1d3 d8d7 d4d5 a8e8"",""stable_depth_count"":0,""stability_scale"":1.2},{""depth"":7,""move"":""a1c1"",""nodes"":8106,""time_ms"":24,""score"":""cp 85"",""pv"":""a1c1 c8b7 d1d3 d8d7 d4d5 a8e8 d3e2"",""stable_depth_count"":1,""stability_scale"":1.0},{""depth"":8,""move"":""a1c1"",""nodes"":16573,""time_ms"":47,""score"":""cp 88"",""pv"":""a1c1 c8b7 d1d3 d8d7 a2a3 a8e8 h2h3 e7g6"",""stable_depth_count"":2,""stability_scale"":0.85},{""depth"":9,""move"":""a1c1"",""nodes"":38910,""time_ms"":115,""score"":""cp 77"",""pv"":""a1c1 c8b7 d1d3 d8d7 f1e1 a8e8 d4d5"",""stable_depth_count"":3,""stability_scale"":0.75},{""depth"":10,""move"":""a1c1"",""nodes"":89689,""time_ms"":256,""score"":""cp 73"",""pv"":""a1c1 c8b7 d1d3 d8d7 f1e1 a8e8 a2a3 h8g8 h2h3 e7g6"",""stable_depth_count"":4,""stability_scale"":0.75},{""depth"":11,""move"":""a1c1"",""nodes"":164464,""time_ms"":467,""score"":""cp 72"",""pv"":""a1c1 c8b7 d1d3 d8d7 f1e1 a8e8 a2a3 h8g8 h2h3 c7c6 d3e2"",""stable_depth_count"":5,""stability_scale"":0.75},{""depth"":12,""move"":""a2a4"",""nodes"":738484,""time_ms"":2172,""score"":""cp 61"",""pv"":""a2a4 c8b7 d1d3 c7c6 f1c1 h8g8 h2h3"",""stable_depth_count"":0,""stability_scale"":1.2},{""depth"":13,""move"":""a2a4"",""nodes"":1523227,""time_ms"":4452,""score"":""cp 59"",""pv"":""a2a4 c8b7 d1d3 c7c6 f1c1 h8g8 h2h3 e7g6 e3f5 f8e8 a4b5 a6b5 d3e2"",""stable_depth_count"":1,""stability_scale"":1.0},{""depth"":14,""move"":""d1d3"",""nodes"":3550305,""time_ms"":10307,""score"":""cp 54"",""pv"":""d1d3 c8b7 a2a4 d8d7 a4b5 a6b5 d4d5 h8g8 e4e5 a7e3 f2e3 a8a1 f1a1 b5b4"",""stable_depth_count"":0,""stability_scale"":1.2},{""depth"":15,""move"":""d1d3"",""nodes"":7788237,""time_ms"":22939,""score"":""cp 52"",""pv"":""d1d3 c8b7 d4d5 a7e3 d3e3 f8e8 a1d1 h8g8 a2a3 e7g6 d1c1 a8c8 f3d4 d8f6 f2f4"",""stable_depth_count"":1,""stability_scale"":1.0}]","{""move"":""d1d3"",""main_pv"":""d1d3,c8b7,d4d5,a7e3,d3e3,f8e8,a1d1,h8g8,a2a3,e7g6,d1c1,a8c8,f3d4,d8f6,f2f4"",""helper_submitted"":""0"",""aborted"":""false"",""helper_exited"":""0"",""helper_exceptions"":""0"",""search_elapsed_ns"":""22940397900"",""helper_started"":""0"",""main_score_cp"":""52"",""main_qnodes"":""19641609"",""source"":""main-result"",""main_tt_hits"":""884218"",""abort_ms"":""22940"",""main_move"":""d1d3"",""main_nodes"":""7788237"",""search"":""511"",""main_depth"":""15"",""legal"":""true"",""helper_pending"":""0"",""bestmove_ms"":""22940"",""event"":""bestmove"",""latest_move"":""d1d3""}"
"15","r4rk1/1pp1qppp/p1np1n2/2b1p1B1/2B1P1b1/P1NP1N2/1PP1QPPP/R4RK1 w - - 0 10","15","17","17","true","c3d5","resolved","15217476","48263912200","[{""depth"":1,""move"":""c3d5"",""nodes"":0,""time_ms"":0,""score"":""cp 7"",""pv"":""c3d5"",""stable_depth_count"":0,""stability_scale"":1.0},{""depth"":2,""move"":""c3d5"",""nodes"":48,""time_ms"":0,""score"":""cp 129"",""pv"":""c3d5 e7d8"",""stable_depth_count"":0,""stability_scale"":1.0},{""depth"":3,""move"":""c3d5"",""nodes"":304,""time_ms"":2,""score"":""cp 129"",""pv"":""c3d5 e7d8 d5f6 g7f6"",""stable_depth_count"":0,""stability_scale"":1.0},{""depth"":4,""move"":""c3d5"",""nodes"":1733,""time_ms"":8,""score"":""cp 142"",""pv"":""c3d5 e7d8 c2c3 c5b6"",""stable_depth_count"":0,""stability_scale"":1.0},{""depth"":5,""move"":""c3d5"",""nodes"":2197,""time_ms"":10,""score"":""cp 139"",""pv"":""c3d5 e7d8 g5f6 g7f6 h2h3"",""stable_depth_count"":1,""stability_scale"":1.0},{""depth"":6,""move"":""c3d5"",""nodes"":4907,""time_ms"":21,""score"":""cp 134"",""pv"":""c3d5 e7d8 g5f6 g7f6 c2c3 c5b6"",""stable_depth_count"":2,""stability_scale"":0.85},{""depth"":7,""move"":""c3d5"",""nodes"":9118,""time_ms"":36,""score"":""cp 122"",""pv"":""c3d5 e7d8 g5f6 g7f6 c2c3 g4f3 e2f3"",""stable_depth_count"":3,""stability_scale"":0.75},{""depth"":8,""move"":""c3d5"",""nodes"":13791,""time_ms"":54,""score"":""cp 144"",""pv"":""c3d5 e7d8 g5f6 g7f6 c2c3 g4d7 h2h3 c5b6"",""stable_depth_count"":4,""stability_scale"":0.75},{""depth"":9,""move"":""c3d5"",""nodes"":28162,""time_ms"":112,""score"":""cp 151"",""pv"":""c3d5 e7d8 g5f6 g7f6 c2c3 g4d7 h2h3 c5a7 c4b3 c6a5"",""stable_depth_count"":5,""stability_scale"":0.75},{""depth"":10,""move"":""c3d5"",""nodes"":103084,""time_ms"":420,""score"":""cp 148"",""pv"":""c3d5 e7d8 c2c3 b7b5 c4a2 g4e6 b2b4 c5b6 h2h3"",""stable_depth_count"":6,""stability_scale"":0.75},{""depth"":11,""move"":""c3d5"",""nodes"":219915,""time_ms"":811,""score"":""cp 146"",""pv"":""c3d5 e7d8 c2c3 g4e6 b2b4 c5b6 g5f6 g7f6 c4b3 e6d5 e4d5 c6e7"",""stable_depth_count"":7,""stability_scale"":0.75},{""depth"":12,""move"":""c3d5"",""nodes"":429353,""time_ms"":1555,""score"":""cp 139"",""pv"":""c3d5 e7d8 c2c3 g4e6 b2b4 c5b6 g5f6 g7f6 c4b3 e6d5 e4d5 c6e7 d3d4"",""stable_depth_count"":8,""stability_scale"":0.75},{""depth"":13,""move"":""c3d5"",""nodes"":939472,""time_ms"":3508,""score"":""cp 146"",""pv"":""c3d5 e7d8 c2c3 g4e6 b2b4 c5b6 g5f6 g7f6 h2h3 e6d5"",""stable_depth_count"":9,""stability_scale"":0.75},{""depth"":14,""move"":""c3d5"",""nodes"":1839267,""time_ms"":6371,""score"":""cp 152"",""pv"":""c3d5 e7d8 g5f6 g7f6 c2c3 b7b5 c4a2 f8e8 h2h3 g4e6 b2b4 c5b6 d5b6 c7b6 a2e6 e8e6"",""stable_depth_count"":10,""stability_scale"":0.75},{""depth"":15,""move"":""c3d5"",""nodes"":3138698,""time_ms"":10425,""score"":""cp 152"",""pv"":""c3d5 e7d8 g5f6"",""stable_depth_count"":11,""stability_scale"":0.75},{""depth"":16,""move"":""c3d5"",""nodes"":7723552,""time_ms"":26046,""score"":""cp 143"",""pv"":""c3d5 e7d8 c2c3 g4e6 h2h3 b7b5"",""stable_depth_count"":12,""stability_scale"":0.75},{""depth"":17,""move"":""c3d5"",""nodes"":15217476,""time_ms"":48263,""score"":""cp 145"",""pv"":""c3d5 e7d8 e2d2 g4e6 g5f6 g7f6 d2h6 e6d5 c4d5 f8e8 b2b4 c5d4 f3d4 e5d4 d5c6 b7c6 a1b1"",""stable_depth_count"":13,""stability_scale"":0.75}]","{""move"":""c3d5"",""main_pv"":""c3d5,e7d8,e2d2,g4e6,g5f6,g7f6,d2h6,e6d5,c4d5,f8e8,b2b4,c5d4,f3d4,e5d4,d5c6,b7c6,a1b1"",""helper_submitted"":""0"",""aborted"":""false"",""helper_exited"":""0"",""helper_exceptions"":""0"",""search_elapsed_ns"":""48263912200"",""helper_started"":""0"",""main_score_cp"":""145"",""main_qnodes"":""36299122"",""source"":""main-result"",""main_tt_hits"":""1853735"",""abort_ms"":""48263"",""main_move"":""c3d5"",""main_nodes"":""15217476"",""search"":""512"",""main_depth"":""17"",""legal"":""true"",""helper_pending"":""0"",""bestmove_ms"":""48263"",""event"":""bestmove"",""latest_move"":""c3d5""}"
"16","r3k2r/pb3p2/5npp/n2p4/1p1PPB2/6P1/P2N1PBP/R3K2R b KQkq - 0 13","14","16","16","true","d5e4","resolved","11007532","27595784900","[{""depth"":1,""move"":""d5e4"",""nodes"":0,""time_ms"":0,""score"":""cp 42"",""pv"":""d5e4"",""stable_depth_count"":0,""stability_scale"":1.0},{""depth"":2,""move"":""f6e4"",""nodes"":29,""time_ms"":0,""score"":""cp 14"",""pv"":""f6e4 a1b1"",""stable_depth_count"":0,""stability_scale"":1.0},{""depth"":3,""move"":""d5e4"",""nodes"":158,""time_ms"":0,""score"":""cp 5"",""pv"":""d5e4 f4d6 a8d8"",""stable_depth_count"":0,""stability_scale"":1.0},{""depth"":4,""move"":""d5e4"",""nodes"":899,""time_ms"":2,""score"":""cp 11"",""pv"":""d5e4 a1b1 e4e3 d2f3"",""stable_depth_count"":0,""stability_scale"":1.0},{""depth"":5,""move"":""d5e4"",""nodes"":1530,""time_ms"":5,""score"":""cp -3"",""pv"":""d5e4 a1b1 e4e3 d2f3 e3f2 e1f2"",""stable_depth_count"":1,""stability_scale"":1.0},{""depth"":6,""move"":""d5e4"",""nodes"":3188,""time_ms"":9,""score"":""cp 5"",""pv"":""d5e4 a1b1 e4e3 d2f3 e3f2 e1f2 a5c6"",""stable_depth_count"":2,""stability_scale"":0.85},{""depth"":7,""move"":""d5e4"",""nodes"":5275,""time_ms"":17,""score"":""cp 11"",""pv"":""d5e4 a1b1 e4e3 d2f3 e3f2 e1f2 f6e4 f2g1 a5c6"",""stable_depth_count"":3,""stability_scale"":0.75},{""depth"":8,""move"":""d5e4"",""nodes"":11833,""time_ms"":35,""score"":""cp 28"",""pv"":""d5e4 a1b1 e4e3 d2f3 e3f2 e1f2 f6e4 f2g1 a5c6 d4d5"",""stable_depth_count"":4,""stability_scale"":0.75},{""depth"":9,""move"":""d5e4"",""nodes"":52047,""time_ms"":157,""score"":""cp -28"",""pv"":""d5e4 e1g1 a8d8 f4e5 e8e7 f1e1 h8e8 a1b1 a5c6"",""stable_depth_count"":5,""stability_scale"":0.75},{""depth"":10,""move"":""d5e4"",""nodes"":97698,""time_ms"":280,""score"":""cp -40"",""pv"":""d5e4 e1g1 a8d8 f4e5 e8e7 f1e1 a5c6 g2e4 c6e5 e4b7"",""stable_depth_count"":6,""stability_scale"":0.75},{""depth"":11,""move"":""d5e4"",""nodes"":184631,""time_ms"":519,""score"":""cp -40"",""pv"":""d5e4 e1g1 a8c8 a1e1 c8c2 d2e4 f6e4 g2e4 b7e4 e1e4 e8d7 d4d5"",""stable_depth_count"":7,""stability_scale"":0.75},{""depth"":12,""move"":""d5e4"",""nodes"":512983,""time_ms"":1387,""score"":""cp -50"",""pv"":""d5e4 e1g1 a8c8 f1b1 e4e3 f4e3 b7g2 g1g2 f6d5 b1e1 a5c6 e3h6 e8d7"",""stable_depth_count"":8,""stability_scale"":0.75},{""depth"":13,""move"":""d5e4"",""nodes"":815181,""time_ms"":2204,""score"":""cp -51"",""pv"":""d5e4 e1g1 a8c8 f1b1 c8c2 b1b4 f6d5 b4b7 a5b7 g2e4 d5f4 e4c2 f4e2 g1g2"",""stable_depth_count"":9,""stability_scale"":0.75},{""depth"":14,""move"":""d5e4"",""nodes"":2236676,""time_ms"":5746,""score"":""cp -51"",""pv"":""d5e4 e1g1 a8c8 f1b1 c8c2 b1b4 f6d5 b4b7 a5b7 g2e4 d5f4 e4c2 f4e2 g1g2 e2d4"",""stable_depth_count"":10,""stability_scale"":0.75},{""depth"":15,""move"":""d5e4"",""nodes"":5278511,""time_ms"":13182,""score"":""cp -54"",""pv"":""d5e4 e1g1 e8g8 f4h6 f8d8 a1b1 d8d4 h6e3 d4d8 f1c1 f6g4 d2e4 f7f5 e4c5 b7g2 g1g2"",""stable_depth_count"":11,""stability_scale"":0.75},{""depth"":16,""move"":""d5e4"",""nodes"":11007532,""time_ms"":27595,""score"":""cp -34"",""pv"":""d5e4 f4e5 e4e3 g2b7 e3d2 e1d2 a5b7 e5f6"",""stable_depth_count"":12,""stability_scale"":0.75}]","{""move"":""d5e4"",""main_pv"":""d5e4,f4e5,e4e3,g2b7,e3d2,e1d2,a5b7,e5f6"",""helper_submitted"":""0"",""aborted"":""false"",""helper_exited"":""0"",""helper_exceptions"":""0"",""search_elapsed_ns"":""27595784900"",""helper_started"":""0"",""main_score_cp"":""-34"",""main_qnodes"":""25468447"",""source"":""main-result"",""main_tt_hits"":""1053248"",""abort_ms"":""27595"",""main_move"":""d5e4"",""main_nodes"":""11007532"",""search"":""513"",""main_depth"":""16"",""legal"":""true"",""helper_pending"":""0"",""bestmove_ms"":""27595"",""event"":""bestmove"",""latest_move"":""d5e4""}"
"17","rr6/2pq2pk/p2p1pnp/8/2QBPP2/1P6/P5PP/4RRK1 b - - 2 25","15","17","17","true","a6a5","resolved","19221212","50665870000","[{""depth"":1,""move"":""c7c5"",""nodes"":0,""time_ms"":0,""score"":""cp -56"",""pv"":""c7c5"",""stable_depth_count"":0,""stability_scale"":1.0},{""depth"":2,""move"":""c7c5"",""nodes"":38,""time_ms"":0,""score"":""cp -35"",""pv"":""c7c5 f4f5"",""stable_depth_count"":0,""stability_scale"":1.0},{""depth"":3,""move"":""c7c5"",""nodes"":156,""time_ms"":0,""score"":""cp -63"",""pv"":""c7c5 f4f5 c5d4"",""stable_depth_count"":0,""stability_scale"":1.0},{""depth"":4,""move"":""c7c5"",""nodes"":1053,""time_ms"":2,""score"":""cp -49"",""pv"":""c7c5 f4f5 g6e5 d4e5"",""stable_depth_count"":0,""stability_scale"":1.0},{""depth"":5,""move"":""c7c5"",""nodes"":1954,""time_ms"":5,""score"":""cp -49"",""pv"":""c7c5 f4f5 g6e5 d4e5 f6e5"",""stable_depth_count"":1,""stability_scale"":1.0},{""depth"":6,""move"":""c7c5"",""nodes"":4080,""time_ms"":10,""score"":""cp -48"",""pv"":""c7c5 f4f5 g6e5 d4e5 f6e5 e1d1"",""stable_depth_count"":2,""stability_scale"":0.85},{""depth"":7,""move"":""c7c5"",""nodes"":7295,""time_ms"":19,""score"":""cp -58"",""pv"":""c7c5 f4f5 g6e5 d4e5 f6e5 e1d1 b8f8"",""stable_depth_count"":3,""stability_scale"":0.75},{""depth"":8,""move"":""c7c5"",""nodes"":13138,""time_ms"":34,""score"":""cp -57"",""pv"":""c7c5 f4f5 g6e7 d4c3 e7c6 e1d1 b8e8 c4e2"",""stable_depth_count"":4,""stability_scale"":0.75},{""depth"":9,""move"":""c7c5"",""nodes"":39098,""time_ms"":97,""score"":""cp -61"",""pv"":""c7c5 f4f5 c5d4 f5g6 h7g6 c4d4 b8c8 e1c1 a6a5 h2h3"",""stable_depth_count"":5,""stability_scale"":0.75},{""depth"":10,""move"":""c7c5"",""nodes"":93845,""time_ms"":239,""score"":""cp -52"",""pv"":""c7c5 f4f5 c5d4 f5g6 h7g6 e1c1 b8e8 c4d4 a8c8 d4d3 c8c1 f1c1 a6a5"",""stable_depth_count"":6,""stability_scale"":0.75},{""depth"":11,""move"":""c7c5"",""nodes"":165181,""time_ms"":427,""score"":""cp -56"",""pv"":""c7c5 d4b2 b8e8 f4f5 g6e5 b2e5 e8e5 e1d1 d7c6 f1e1 a8b8"",""stable_depth_count"":7,""stability_scale"":0.75},{""depth"":12,""move"":""a6a5"",""nodes"":313672,""time_ms"":830,""score"":""cp -48"",""pv"":""a6a5 f4f5 g6e5 d4e5 f6e5 f5f6 a5a4 b3b4 g7f6 f1f6 b8f8 e1f1"",""stable_depth_count"":0,""stability_scale"":1.2},{""depth"":13,""move"":""a6a5"",""nodes"":467210,""time_ms"":1243,""score"":""cp -48"",""pv"":""a6a5 f4f5 g6e5 d4e5 f6e5 f5f6 a5a4 b3b4 g7f6 f1f6 b8f8 e1f1 f8f6"",""stable_depth_count"":1,""stability_scale"":1.0},{""depth"":14,""move"":""a6a5"",""nodes"":700378,""time_ms"":1854,""score"":""cp -48"",""pv"":""a6a5 f4f5 g6e5 d4e5 f6e5 f5f6 a5a4 b3b4 g7f6 f1f6 b8f8 e1f1 f8f6 f1f6"",""stable_depth_count"":2,""stability_scale"":0.85},{""depth"":15,""move"":""a6a5"",""nodes"":2217410,""time_ms"":5882,""score"":""cp -46"",""pv"":""a6a5 f4f5 g6e5 d4e5 f6e5 f5f6 a5a4 f6g7 h7g7 b3b4 b8f8 b4b5 f8f1 e1f1 a8b8 c4a4 b8b5 a4c4"",""stable_depth_count"":3,""stability_scale"":0.75},{""depth"":16,""move"":""a6a5"",""nodes"":9886026,""time_ms"":26665,""score"":""cp -60"",""pv"":""a6a5 f4f5 g6e5 d4e5 f6e5 e1c1 c7c5 f1d1 a5a4 c4c5 d7f5 e4f5 d6c5 c1c5 a4b3 a2b3"",""stable_depth_count"":4,""stability_scale"":0.75},{""depth"":17,""move"":""a6a5"",""nodes"":19221212,""time_ms"":50665,""score"":""cp -53"",""pv"":""a6a5 f4f5 g6e7 e1d1 e7c6 d4c3 a5a4 b3b4 a4a3"",""stable_depth_count"":5,""stability_scale"":0.75}]","{""move"":""a6a5"",""main_pv"":""a6a5,f4f5,g6e7,e1d1,e7c6,d4c3,a5a4,b3b4,a4a3"",""helper_submitted"":""0"",""aborted"":""false"",""helper_exited"":""0"",""helper_exceptions"":""0"",""search_elapsed_ns"":""50665870000"",""helper_started"":""0"",""main_score_cp"":""-53"",""main_qnodes"":""46550556"",""source"":""main-result"",""main_tt_hits"":""2215501"",""abort_ms"":""50665"",""main_move"":""a6a5"",""main_nodes"":""19221212"",""search"":""514"",""main_depth"":""17"",""legal"":""true"",""helper_pending"":""0"",""bestmove_ms"":""50665"",""event"":""bestmove"",""latest_move"":""a6a5""}"
"18","r1bqkb1r/ppp2ppp/4pn2/3p4/2PP4/8/PP2PPPP/RNBQKBNR w KQkq d6 0 5","13","15","15","true","e2e3","resolved","7135361","17925865500","[{""depth"":1,""move"":""c4d5"",""nodes"":0,""time_ms"":0,""score"":""cp 367"",""pv"":""c4d5"",""stable_depth_count"":0,""stability_scale"":1.0},{""depth"":2,""move"":""e2e3"",""nodes"":34,""time_ms"":0,""score"":""cp 368"",""pv"":""e2e3 c7c6"",""stable_depth_count"":0,""stability_scale"":1.0},{""depth"":3,""move"":""c4d5"",""nodes"":220,""time_ms"":1,""score"":""cp 385"",""pv"":""c4d5 f8b4 b1c3 b4c3"",""stable_depth_count"":0,""stability_scale"":1.0},{""depth"":4,""move"":""c4d5"",""nodes"":1137,""time_ms"":4,""score"":""cp 385"",""pv"":""c4d5 f8b4 b1c3 b4c3 b2c3 f6d5"",""stable_depth_count"":0,""stability_scale"":1.0},{""depth"":5,""move"":""c4d5"",""nodes"":2160,""time_ms"":8,""score"":""cp 388"",""pv"":""c4d5 e6d5 g1f3 f8b4 c1d2 c7c5"",""stable_depth_count"":1,""stability_scale"":1.0},{""depth"":6,""move"":""c4d5"",""nodes"":5255,""time_ms"":18,""score"":""cp 385"",""pv"":""c4d5 e6d5 g1f3 h7h6 h2h3 c8f5"",""stable_depth_count"":2,""stability_scale"":0.85},{""depth"":7,""move"":""e2e3"",""nodes"":15742,""time_ms"":53,""score"":""cp 382"",""pv"":""e2e3 c7c6 g1f3 h7h6 c4c5 f8e7 h2h3"",""stable_depth_count"":0,""stability_scale"":1.2},{""depth"":8,""move"":""e2e3"",""nodes"":35336,""time_ms"":116,""score"":""cp 373"",""pv"":""e2e3 f8e7 g1f3 e8g8 b1c3 c7c6 c4c5 h7h6"",""stable_depth_count"":1,""stability_scale"":1.0},{""depth"":9,""move"":""b1c3"",""nodes"":65336,""time_ms"":195,""score"":""cp 374"",""pv"":""b1c3 f8e7 g1f3 e8g8 h2h3 c8d7 c4d5 e6d5"",""stable_depth_count"":0,""stability_scale"":1.2},{""depth"":10,""move"":""b1c3"",""nodes"":119212,""time_ms"":333,""score"":""cp 375"",""pv"":""b1c3 f8e7 g1f3 e8g8 h2h3 c8d7 c4d5 e6d5 c1f4 h7h6"",""stable_depth_count"":1,""stability_scale"":1.0},{""depth"":11,""move"":""b1c3"",""nodes"":306462,""time_ms"":787,""score"":""cp 379"",""pv"":""b1c3 f8e7 g1f3 e8g8 h2h3 c7c6 e2e3 f6e4 f1d3 e4c3 b2c3"",""stable_depth_count"":2,""stability_scale"":0.85},{""depth"":12,""move"":""b1c3"",""nodes"":655291,""time_ms"":1641,""score"":""cp 374"",""pv"":""b1c3 f8e7 g1f3 e8g8 h2h3 c8d7 c4c5 h7h6 c1e3 b7b6 a2a3 b6c5"",""stable_depth_count"":3,""stability_scale"":0.75},{""depth"":13,""move"":""e2e3"",""nodes"":1369277,""time_ms"":3376,""score"":""cp 386"",""pv"":""e2e3 c7c5 g1f3 c5d4 e3d4 f8b4 c1d2 b4e7 f1e2 d5c4 e1g1 c8d7 f3e5 e8g8"",""stable_depth_count"":0,""stability_scale"":1.2},{""depth"":14,""move"":""e2e3"",""nodes"":3443071,""time_ms"":8471,""score"":""cp 381"",""pv"":""e2e3 c7c5 g1f3 c5d4 e3d4 d5c4 f1c4 c8d7 b1c3"",""stable_depth_count"":1,""stability_scale"":1.0},{""depth"":15,""move"":""e2e3"",""nodes"":7135361,""time_ms"":17925,""score"":""cp 381"",""pv"":""e2e3 c7c5 g1f3 c5d4 e3d4 c8d7 b1c3 f8e7 c4d5 f6d5"",""stable_depth_count"":2,""stability_scale"":0.85}]","{""move"":""e2e3"",""main_pv"":""e2e3,c7c5,g1f3,c5d4,e3d4,c8d7,b1c3,f8e7,c4d5,f6d5"",""helper_submitted"":""0"",""aborted"":""false"",""helper_exited"":""0"",""helper_exceptions"":""0"",""search_elapsed_ns"":""17925865500"",""helper_started"":""0"",""main_score_cp"":""381"",""main_qnodes"":""16987607"",""source"":""main-result"",""main_tt_hits"":""998064"",""abort_ms"":""17925"",""main_move"":""e2e3"",""main_nodes"":""7135361"",""search"":""515"",""main_depth"":""15"",""legal"":""true"",""helper_pending"":""0"",""bestmove_ms"":""17925"",""event"":""bestmove"",""latest_move"":""e2e3""}"
"19","2r3k1/4qpp1/3p3p/B1pP4/P1P1p1b1/1P4Pp/3Q1P1P/R3R1K1 w - - 0 28","16","18","18","false","","adjacent_moves_disagree","10923501","25587706800","[{""depth"":1,""move"":""d2f4"",""nodes"":0,""time_ms"":0,""score"":""cp 585"",""pv"":""d2f4"",""stable_depth_count"":0,""stability_scale"":1.0},{""depth"":2,""move"":""d2f4"",""nodes"":37,""time_ms"":0,""score"":""cp 566"",""pv"":""d2f4 g4f3"",""stable_depth_count"":0,""stability_scale"":1.0},{""depth"":3,""move"":""d2f4"",""nodes"":146,""time_ms"":0,""score"":""cp 568"",""pv"":""d2f4 f7f5 a5c3"",""stable_depth_count"":0,""stability_scale"":1.0},{""depth"":4,""move"":""d2f4"",""nodes"":822,""time_ms"":1,""score"":""cp 597"",""pv"":""d2f4 f7f5 f2f3 g4f3"",""stable_depth_count"":0,""stability_scale"":1.0},{""depth"":5,""move"":""d2f4"",""nodes"":1240,""time_ms"":2,""score"":""cp 581"",""pv"":""d2f4 f7f5 f2f3 g7g5 e1e4"",""stable_depth_count"":1,""stability_scale"":1.0},{""depth"":6,""move"":""a5b6"",""nodes"":3010,""time_ms"":6,""score"":""cp 574"",""pv"":""a5b6 c8b8 a4a5 g4f3 d2f4 b8a8"",""stable_depth_count"":0,""stability_scale"":1.2},{""depth"":7,""move"":""a5c3"",""nodes"":7566,""time_ms"":16,""score"":""cp 596"",""pv"":""a5c3 c8b8 d2c2 g4f3 a4a5 e7g5 a5a6"",""stable_depth_count"":0,""stability_scale"":1.2},{""depth"":8,""move"":""a5c3"",""nodes"":13208,""time_ms"":29,""score"":""cp 603"",""pv"":""a5c3 c8b8 d2c2 g4f3 a4a5 e7b7 a5a6 b7b3"",""stable_depth_count"":1,""stability_scale"":1.0},{""depth"":9,""move"":""a5c3"",""nodes"":33894,""time_ms"":78,""score"":""cp 618"",""pv"":""a5c3 g4f3 a4a5 c8a8 a5a6 e7c7 d2b2 f7f5 b2c2"",""stable_depth_count"":2,""stability_scale"":0.85},{""depth"":10,""move"":""a5c3"",""nodes"":71251,""time_ms"":164,""score"":""cp 617"",""pv"":""a5c3 c8a8 a4a5 a8a6 d2f4 f7f5 b3b4 c5b4 c3b4 e7c7"",""stable_depth_count"":3,""stability_scale"":0.75},{""depth"":11,""move"":""a5c3"",""nodes"":118263,""time_ms"":272,""score"":""cp 628"",""pv"":""a5c3 c8a8 a4a5 a8a6 d2f4 f7f5 b3b4 c5b4 c3b4 e7c7 c4c5"",""stable_depth_count"":4,""stability_scale"":0.75},{""depth"":12,""move"":""a5c3"",""nodes"":230431,""time_ms"":538,""score"":""cp 628"",""pv"":""a5c3 c8a8 a4a5 g4c8 d2f4 f7f5 a1b1 g7g5 f4d2 c8d7 d2e2 g5g4"",""stable_depth_count"":5,""stability_scale"":0.75},{""depth"":13,""move"":""a5c3"",""nodes"":437737,""time_ms"":1037,""score"":""cp 640"",""pv"":""a5c3 c8b8 a4a5 g4f3 a5a6 e7a7 d2c2 f7f5 c2b2 b8b6 b2a2 b6b8 a2c2"",""stable_depth_count"":6,""stability_scale"":0.75},{""depth"":14,""move"":""a5c3"",""nodes"":720302,""time_ms"":1727,""score"":""cp 642"",""pv"":""a5c3 c8b8 a4a5 g4f3 d2f4 e7d8 e1e3 d8d7 a5a6 b8a8 b3b4 c5b4 c3b4 d7c7"",""stable_depth_count"":7,""stability_scale"":0.75},{""depth"":15,""move"":""a5c3"",""nodes"":1672347,""time_ms"":4062,""score"":""cp 652"",""pv"":""a5c3 c8b8 a4a5 b8a8 d2f4 f7f5 a5a6"",""stable_depth_count"":8,""stability_scale"":0.75},{""depth"":16,""move"":""d2f4"",""nodes"":4071295,""time_ms"":9515,""score"":""cp 689"",""pv"":""d2f4 f7f5 f2f3 g7g5 f4e3 g4h5 f3e4 c8e8 e4e5 d6e5 a5b6 e7d7 e3c5 f5f4 a4a5 f4g3 h2g3 g8h7 c5c6"",""stable_depth_count"":0,""stability_scale"":1.2},{""depth"":17,""move"":""d2f4"",""nodes"":5552709,""time_ms"":12900,""score"":""cp 689"",""pv"":""d2f4 f7f5 f2f3 g7g5 f4e3"",""stable_depth_count"":1,""stability_scale"":1.0},{""depth"":18,""move"":""a5b6"",""nodes"":10923501,""time_ms"":25587,""score"":""cp 704"",""pv"":""a5b6 c8a8 a4a5 a8a6 b3b4 c5b4 d2b4 g4f5 b4b5 f5c8 b6d4 c8b7 a1b1 b7c8 b5a4 c8b7 f2f3 f7f5"",""stable_depth_count"":0,""stability_scale"":1.2}]","{""move"":""a5b6"",""main_pv"":""a5b6,c8a8,a4a5,a8a6,b3b4,c5b4,d2b4,g4f5,b4b5,f5c8,b6d4,c8b7,a1b1,b7c8,b5a4,c8b7,f2f3,f7f5"",""helper_submitted"":""0"",""aborted"":""false"",""helper_exited"":""0"",""helper_exceptions"":""0"",""search_elapsed_ns"":""25587706800"",""helper_started"":""0"",""main_score_cp"":""704"",""main_qnodes"":""24208921"",""source"":""main-result"",""main_tt_hits"":""2023634"",""abort_ms"":""25587"",""main_move"":""a5b6"",""main_nodes"":""10923501"",""search"":""516"",""main_depth"":""18"",""legal"":""true"",""helper_pending"":""0"",""bestmove_ms"":""25587"",""event"":""bestmove"",""latest_move"":""a5b6""}"
"20","r4rk1/3qppbp/6p1/2p1n3/2B1P3/2P5/P2Q1PPP/R4RK1 b - - 0 20","17","19","0","false","","watchdog_timeout","0","0","[]","{}"
"21","1rr3k1/4ppb1/2q1bnpp/3p4/2pP4/2P1BNNP/PP3PPK/2QRR3 b - - 6 26","13","15","15","true","g6g5","resolved","7322737","21380108200","[{""depth"":1,""move"":""c8d8"",""nodes"":0,""time_ms"":0,""score"":""cp 16"",""pv"":""c8d8"",""stable_depth_count"":0,""stability_scale"":1.0},{""depth"":2,""move"":""c6a8"",""nodes"":40,""time_ms"":0,""score"":""cp 12"",""pv"":""c6a8 e3h6"",""stable_depth_count"":0,""stability_scale"":1.0},{""depth"":3,""move"":""c6a8"",""nodes"":287,""time_ms"":1,""score"":""cp 6"",""pv"":""c6a8 e1e2 g6g5"",""stable_depth_count"":0,""stability_scale"":1.0},{""depth"":4,""move"":""c8e8"",""nodes"":1518,""time_ms"":5,""score"":""cp -1"",""pv"":""c8e8 e3f4 b8b7 f3e5"",""stable_depth_count"":0,""stability_scale"":1.0},{""depth"":5,""move"":""c6a8"",""nodes"":3391,""time_ms"":11,""score"":""cp -17"",""pv"":""c6a8 e1e2 g6g5 c1a1 c8e8"",""stable_depth_count"":0,""stability_scale"":1.2},{""depth"":6,""move"":""g6g5"",""nodes"":10423,""time_ms"":31,""score"":""cp -22"",""pv"":""g6g5 h2g1 c8e8 f3e5 c6b6 e1e2"",""stable_depth_count"":0,""stability_scale"":1.2},{""depth"":7,""move"":""c8d8"",""nodes"":20854,""time_ms"":64,""score"":""cp -14"",""pv"":""c8d8 e1e2 g6g5 h2g1 c6c7 c1a1 b8a8"",""stable_depth_count"":0,""stability_scale"":1.2},{""depth"":8,""move"":""g6g5"",""nodes"":45230,""time_ms"":133,""score"":""cp -13"",""pv"":""g6g5 c1c2 c6b6 e1e2 b8a8 a2a3 c8e8"",""stable_depth_count"":0,""stability_scale"":1.2},{""depth"":9,""move"":""c6a6"",""nodes"":85402,""time_ms"":260,""score"":""cp -18"",""pv"":""c6a6 e1e2 a6a2 e3h6 g7h6 c1h6"",""stable_depth_count"":0,""stability_scale"":1.2},{""depth"":10,""move"":""c6a6"",""nodes"":150198,""time_ms"":449,""score"":""cp -18"",""pv"":""c6a6 e1e2 a6a2 e3h6 g7h6 c1h6 b8b2 d1d2 c8b8 d2b2"",""stable_depth_count"":1,""stability_scale"":1.0},{""depth"":11,""move"":""g8h7"",""nodes"":579406,""time_ms"":1765,""score"":""cp -42"",""pv"":""g8h7 h2g1 b8b7 f3e5 c6c7 a2a3 c8a8 c1c2 h7g8"",""stable_depth_count"":0,""stability_scale"":1.2},{""depth"":12,""move"":""g6g5"",""nodes"":1019429,""time_ms"":3119,""score"":""cp -37"",""pv"":""g6g5 c1c2 b8b6 a2a3 c8a8 h2g1 c6c7"",""stable_depth_count"":0,""stability_scale"":1.2},{""depth"":13,""move"":""c6a6"",""nodes"":2172114,""time_ms"":6591,""score"":""cp -37"",""pv"":""c6a6 e3h6 g7h6 c1h6 b8b2 h2g1 a6d6"",""stable_depth_count"":0,""stability_scale"":1.2},{""depth"":14,""move"":""g6g5"",""nodes"":3969161,""time_ms"":11795,""score"":""cp -32"",""pv"":""g6g5 h2g1 c8e8 a2a3 f6e4 g3h5 c6b6 h5g7 g8g7 e1e2 b6c7 c1c2 e6d7 f3e5"",""stable_depth_count"":0,""stability_scale"":1.2},{""depth"":15,""move"":""g6g5"",""nodes"":7322737,""time_ms"":21379,""score"":""cp -38"",""pv"":""g6g5 f3e5 c6a8 a2a3 a8b7 e1e2 b7c7 c1c2 c8e8 h2g1"",""stable_depth_count"":1,""stability_scale"":1.0}]","{""move"":""g6g5"",""main_pv"":""g6g5,f3e5,c6a8,a2a3,a8b7,e1e2,b7c7,c1c2,c8e8,h2g1"",""helper_submitted"":""0"",""aborted"":""false"",""helper_exited"":""0"",""helper_exceptions"":""0"",""search_elapsed_ns"":""21380108200"",""helper_started"":""0"",""main_score_cp"":""-38"",""main_qnodes"":""14997101"",""source"":""main-result"",""main_tt_hits"":""1185183"",""abort_ms"":""21380"",""main_move"":""g6g5"",""main_nodes"":""7322737"",""search"":""518"",""main_depth"":""15"",""legal"":""true"",""helper_pending"":""0"",""bestmove_ms"":""21380"",""event"":""bestmove"",""latest_move"":""g6g5""}"
"22","r3r1k1/6pp/bq2p3/p1pn4/Pn1N4/1B3P2/1PP2QBP/3RR1K1 w - - 0 24","15","17","17","true","d4b5","resolved","10951190","30210636200","[{""depth"":1,""move"":""d4e6"",""nodes"":0,""time_ms"":0,""score"":""cp 113"",""pv"":""d4e6"",""stable_depth_count"":0,""stability_scale"":1.0},{""depth"":2,""move"":""d4e6"",""nodes"":34,""time_ms"":0,""score"":""cp 113"",""pv"":""d4e6 e8e6"",""stable_depth_count"":0,""stability_scale"":1.0},{""depth"":3,""move"":""d4e6"",""nodes"":162,""time_ms"":1,""score"":""cp 113"",""pv"":""d4e6 e8e6 b3d5"",""stable_depth_count"":0,""stability_scale"":1.0},{""depth"":4,""move"":""d4e6"",""nodes"":439,""time_ms"":1,""score"":""cp 113"",""pv"":""d4e6 e8e6 b3d5 b4d5"",""stable_depth_count"":0,""stability_scale"":1.0},{""depth"":5,""move"":""d4e6"",""nodes"":889,""time_ms"":3,""score"":""cp 113"",""pv"":""d4e6 e8e6 b3d5 b4d5 d1d5"",""stable_depth_count"":1,""stability_scale"":1.0},{""depth"":6,""move"":""d4b5"",""nodes"":3071,""time_ms"":12,""score"":""cp 77"",""pv"":""d4b5 c5c4 b3c4 b6f2 g1f2 a8c8 e1e4"",""stable_depth_count"":0,""stability_scale"":1.2},{""depth"":7,""move"":""d4b5"",""nodes"":6506,""time_ms"":23,""score"":""cp 77"",""pv"":""d4b5 c5c4 b3c4 b6f2 g1f2 a8c8 e1e4 b4c2"",""stable_depth_count"":1,""stability_scale"":1.0},{""depth"":8,""move"":""d4b5"",""nodes"":11337,""time_ms"":37,""score"":""cp 81"",""pv"":""d4b5 c5c4 b3c4 b6f2 g1f2 b4c2 e1e2 c2b4 e2e4"",""stable_depth_count"":2,""stability_scale"":0.85},{""depth"":9,""move"":""d4b5"",""nodes"":22474,""time_ms"":76,""score"":""cp 77"",""pv"":""d4b5 c5c4 b3c4 b6f2 g1f2 a8c8 e1e4 b4c2 c4d5 e6d5"",""stable_depth_count"":3,""stability_scale"":0.75},{""depth"":10,""move"":""d4b5"",""nodes"":50382,""time_ms"":162,""score"":""cp 93"",""pv"":""d4b5 a6b5 a4b5 d5f4 e1e4 f4g2 g1g2 a5a4 e4b4 a4b3 b4b3"",""stable_depth_count"":4,""stability_scale"":0.75},{""depth"":11,""move"":""d4b5"",""nodes"":123690,""time_ms"":397,""score"":""cp 73"",""pv"":""d4b5 a6b5 a4b5 d5f4 e1e4 f4g2 g1g2 a5a4 e4b4 a4b3 b4b3 e8f8"",""stable_depth_count"":5,""stability_scale"":0.75},{""depth"":12,""move"":""d4e6"",""nodes"":267889,""time_ms"":811,""score"":""cp 68"",""pv"":""d4e6 c5c4 f2b6 d5b6 c2c3 c4b3 c3b4 b6a4 d1d7 g8h8 f3f4 a6c8 d7d2"",""stable_depth_count"":0,""stability_scale"":1.2},{""depth"":13,""move"":""d4b5"",""nodes"":581587,""time_ms"":1733,""score"":""cp 24"",""pv"":""d4b5 a6b5 a4b5 d5f4 b3c4 a8d8 d1d8 e8d8 h2h4 b4d5 c2c3 b6c7 g1h2"",""stable_depth_count"":0,""stability_scale"":1.2},{""depth"":14,""move"":""d4b5"",""nodes"":1101450,""time_ms"":3287,""score"":""cp 21"",""pv"":""d4b5 a6b5 a4b5 d5f4 b3c4 b4d5 c2c3 e8f8 g2f1 a8d8 c4b3 a5a4 b3a4 d8a8"",""stable_depth_count"":1,""stability_scale"":1.0},{""depth"":15,""move"":""d4b5"",""nodes"":2404719,""time_ms"":7023,""score"":""cp 43"",""pv"":""d4b5 a6b5 a4b5 d5f4 e1e4 e8f8 d1e1 a8e8 g2f1 b4d5 c2c4 d5b4 e1d1 b6c7 f1g2 b4d3"",""stable_depth_count"":2,""stability_scale"":0.85},{""depth"":16,""move"":""d4b5"",""nodes"":6075339,""time_ms"":17272,""score"":""cp 42"",""pv"":""d4b5 a6b5 a4b5 d5f4 e1e4 e8f8 g2f1 f8f7 c2c3 b4d5"",""stable_depth_count"":3,""stability_scale"":0.75},{""depth"":17,""move"":""d4b5"",""nodes"":10951190,""time_ms"":30209,""score"":""cp 40"",""pv"":""d4b5 a6b5 a4b5 d5f4 e1e4 e8f8 d1e1 a8e8 g2f1 b4d5 b3d5 f4d5 c2c4 d5f4 e4e5 e8d8 f2c5"",""stable_depth_count"":4,""stability_scale"":0.75}]","{""move"":""d4b5"",""main_pv"":""d4b5,a6b5,a4b5,d5f4,e1e4,e8f8,d1e1,a8e8,g2f1,b4d5,b3d5,f4d5,c2c4,d5f4,e4e5,e8d8,f2c5"",""helper_submitted"":""0"",""aborted"":""false"",""helper_exited"":""0"",""helper_exceptions"":""0"",""search_elapsed_ns"":""30210636200"",""helper_started"":""0"",""main_score_cp"":""40"",""main_qnodes"":""23850334"",""source"":""main-result"",""main_tt_hits"":""1225901"",""abort_ms"":""30210"",""main_move"":""d4b5"",""main_nodes"":""10951190"",""search"":""519"",""main_depth"":""17"",""legal"":""true"",""helper_pending"":""0"",""bestmove_ms"":""30210"",""event"":""bestmove"",""latest_move"":""d4b5""}"
"23","r2r4/8/k2N4/6B1/p7/P5P1/4K2P/1R6 w - - 4 46","17","19","0","false","","watchdog_timeout","0","0","[]","{}"
"24","8/3b2kp/4p1p1/1p1n4/1P6/3NB3/6PP/6K1 b - - 0 34","19","21","0","false","","watchdog_timeout","0","0","[]","{}"
"25","r3k2r/4npp1/1pq1p2p/p6b/PpP1PP1P/7N/2P1QP2/R1B2RK1 b kq - 0 18","15","17","17","true","h5e2","resolved","6511709","18052101500","[{""depth"":1,""move"":""h5e2"",""nodes"":0,""time_ms"":0,""score"":""cp 1381"",""pv"":""h5e2"",""stable_depth_count"":0,""stability_scale"":1.0},{""depth"":2,""move"":""h5e2"",""nodes"":42,""time_ms"":0,""score"":""cp 1528"",""pv"":""h5e2 f1e1"",""stable_depth_count"":0,""stability_scale"":1.0},{""depth"":3,""move"":""h5e2"",""nodes"":159,""time_ms"":0,""score"":""cp 1528"",""pv"":""h5e2 f1e1 c6e4"",""stable_depth_count"":0,""stability_scale"":1.0},{""depth"":4,""move"":""h5e2"",""nodes"":273,""time_ms"":1,""score"":""cp 1480"",""pv"":""h5e2 f1e1 c6e4 c1e3"",""stable_depth_count"":0,""stability_scale"":1.0},{""depth"":5,""move"":""h5e2"",""nodes"":317,""time_ms"":1,""score"":""cp 1469"",""pv"":""h5e2 f1e1 c6e4 c1e3 e4c2"",""stable_depth_count"":1,""stability_scale"":1.0},{""depth"":6,""move"":""h5e2"",""nodes"":619,""time_ms"":2,""score"":""cp 1472"",""pv"":""h5e2 f1e1 c6c4 c1e3 c4c2 e4e5"",""stable_depth_count"":2,""stability_scale"":0.85},{""depth"":7,""move"":""h5e2"",""nodes"":2652,""time_ms"":7,""score"":""cp 1479"",""pv"":""h5e2 f1e1 c6e4 c1e3 e4c4 a1c1 a8b8"",""stable_depth_count"":3,""stability_scale"":0.75},{""depth"":8,""move"":""h5e2"",""nodes"":4036,""time_ms"":11,""score"":""cp 1488"",""pv"":""h5e2 f1e1 c6e4 c1e3 e4c4 a1c1 e7d5 g1g2"",""stable_depth_count"":4,""stability_scale"":0.75},{""depth"":9,""move"":""h5e2"",""nodes"":10879,""time_ms"":28,""score"":""cp 1504"",""pv"":""h5e2 f1e1 c6e4 c1e3 e4c4 e3b6 e7d5 b6e3 d5e3 f2e3"",""stable_depth_count"":5,""stability_scale"":0.75},{""depth"":10,""move"":""h5e2"",""nodes"":18952,""time_ms"":49,""score"":""cp 1513"",""pv"":""h5e2 f1e1 c6e4 c1e3 e4c4 e3b6 e8g8 a1c1 e2g4 g1h2 c4c6"",""stable_depth_count"":6,""stability_scale"":0.75},{""depth"":11,""move"":""h5e2"",""nodes"":24697,""time_ms"":64,""score"":""cp 1513"",""pv"":""h5e2 f1e1"",""stable_depth_count"":7,""stability_scale"":0.75},{""depth"":12,""move"":""h5e2"",""nodes"":73708,""time_ms"":196,""score"":""cp 1554"",""pv"":""h5e2 f1e1 c6e4 c1e3 e4c4 g1h2 e8g8 e3b6 e7d5 b6e3 d5e3 f2e3 c4c2"",""stable_depth_count"":8,""stability_scale"":0.75},{""depth"":13,""move"":""h5e2"",""nodes"":145819,""time_ms"":405,""score"":""cp 1578"",""pv"":""h5e2 f1e1 c6e4 c1e3 e4c4 g1h2 e8g8 e3b6 e7f5 a1c1 f5h4 h2g3 h4f3 e1h1"",""stable_depth_count"":9,""stability_scale"":0.75},{""depth"":14,""move"":""h5e2"",""nodes"":304906,""time_ms"":845,""score"":""cp 1594"",""pv"":""h5e2 f1e1 c6e4 c1e3 e4c4 g1h2 e8g8 e3b6 e7f5 h4h5 f8b8 b6e3 e2h5 a1c1 c4c6 e1g1"",""stable_depth_count"":10,""stability_scale"":0.75},{""depth"":15,""move"":""h5e2"",""nodes"":3163563,""time_ms"":9045,""score"":""cp 1697"",""pv"":""h5e2 f1e1 c6e4 g1h2 e7f5 h3g1 f5h4 f2f3 h4f3 g1f3 e4f3 e1g1 f3h5 h2g3 a8d8 g1g2 e2c4"",""stable_depth_count"":11,""stability_scale"":0.75},{""depth"":16,""move"":""h5e2"",""nodes"":4068394,""time_ms"":11440,""score"":""cp 1713"",""pv"":""h5e2 f1e1 c6e4 g1h2 e7f5 h3g1 f5h4 f2f3 h4f3 g1f3 e4f3 e1g1 f3h5 h2g3 a8d8 g1g2 h5f3 g3h2 e8g8"",""stable_depth_count"":12,""stability_scale"":0.75},{""depth"":17,""move"":""h5e2"",""nodes"":6511709,""time_ms"":18051,""score"":""cp 1733"",""pv"":""h5e2 f1e1 c6e4 c1e3 e7f5 e1e2 f5h4 f2f3 e4f3 e2f2 f3h3 e3b6 h4f3 f2f3 h3f3 b6c7 e8g8 a1e1 f3c6"",""stable_depth_count"":13,""stability_scale"":0.75}]","{""move"":""h5e2"",""main_pv"":""h5e2,f1e1,c6e4,c1e3,e7f5,e1e2,f5h4,f2f3,e4f3,e2f2,f3h3,e3b6,h4f3,f2f3,h3f3,b6c7,e8g8,a1e1,f3c6"",""helper_submitted"":""0"",""aborted"":""false"",""helper_exited"":""0"",""helper_exceptions"":""0"",""search_elapsed_ns"":""18052101500"",""helper_started"":""0"",""main_score_cp"":""1733"",""main_qnodes"":""20160991"",""source"":""main-result"",""main_tt_hits"":""877939"",""abort_ms"":""18052"",""main_move"":""h5e2"",""main_nodes"":""6511709"",""search"":""522"",""main_depth"":""17"",""legal"":""true"",""helper_pending"":""0"",""bestmove_ms"":""18052"",""event"":""bestmove"",""latest_move"":""h5e2""}"
"26","8/8/k7/1p6/2p5/2P1K3/8/8 b - - 0 67","19","21","21","true","a6a5","resolved","7333447","11645390200","[{""depth"":1,""move"":""a6b6"",""nodes"":0,""time_ms"":0,""score"":""cp 70"",""pv"":""a6b6"",""stable_depth_count"":0,""stability_scale"":1.0},{""depth"":2,""move"":""a6b6"",""nodes"":5,""time_ms"":0,""score"":""cp 92"",""pv"":""a6b6 e3e4"",""stable_depth_count"":0,""stability_scale"":1.0},{""depth"":3,""move"":""a6b6"",""nodes"":24,""time_ms"":0,""score"":""cp 86"",""pv"":""a6b6 e3d4 b6c6"",""stable_depth_count"":0,""stability_scale"":1.0},{""depth"":4,""move"":""a6b6"",""nodes"":79,""time_ms"":0,""score"":""cp 114"",""pv"":""a6b6 e3d4 b6c6 d4e4"",""stable_depth_count"":0,""stability_scale"":1.0},{""depth"":5,""move"":""b5b4"",""nodes"":237,""time_ms"":0,""score"":""cp 100"",""pv"":""b5b4 c3b4 a6b5 e3e4 b5b4"",""stable_depth_count"":0,""stability_scale"":1.2},{""depth"":6,""move"":""b5b4"",""nodes"":475,""time_ms"":0,""score"":""cp 134"",""pv"":""b5b4 c3b4 a6b5 e3d4 b5b4"",""stable_depth_count"":1,""stability_scale"":1.0},{""depth"":7,""move"":""b5b4"",""nodes"":850,""time_ms"":1,""score"":""cp 183"",""pv"":""b5b4 c3b4 a6b5 e3d4 b5b4 d4e4 c4c3"",""stable_depth_count"":2,""stability_scale"":0.85},{""depth"":8,""move"":""b5b4"",""nodes"":1510,""time_ms"":1,""score"":""cp 217"",""pv"":""b5b4 c3b4 a6b5 e3f3 b5b4 f3e3 c4c3 e3e4"",""stable_depth_count"":3,""stability_scale"":0.75},{""depth"":9,""move"":""b5b4"",""nodes"":2758,""time_ms"":3,""score"":""cp 222"",""pv"":""b5b4 c3b4 a6b5 e3d2 b5b4 d2d1 c4c3 d1c2 b4c4"",""stable_depth_count"":4,""stability_scale"":0.75},{""depth"":10,""move"":""b5b4"",""nodes"":4677,""time_ms"":5,""score"":""cp 256"",""pv"":""b5b4 c3b4 a6b5 e3e2 c4c3 e2d3 b5b4 d3c2 b4c4 c2d1 c4d5"",""stable_depth_count"":5,""stability_scale"":0.75},{""depth"":11,""move"":""b5b4"",""nodes"":8466,""time_ms"":9,""score"":""cp 238"",""pv"":""b5b4 c3b4 a6b5 e3e2 c4c3 e2d1 b5b4 d1c1 b4b3 c1b1 b3c4 b1c2"",""stable_depth_count"":6,""stability_scale"":0.75},{""depth"":12,""move"":""b5b4"",""nodes"":11940,""time_ms"":12,""score"":""cp 247"",""pv"":""b5b4 c3b4 a6b5 e3e2 b5b4 e2d1 b4b3 d1c1 b3c3 c1d1 c3d3 d1e1 c4c3"",""stable_depth_count"":7,""stability_scale"":0.75},{""depth"":13,""move"":""a6a5"",""nodes"":47736,""time_ms"":64,""score"":""cp 422"",""pv"":""a6a5 e3d2 a5a4 d2c2 a4a3 c2d2 a3b2 d2d1 b2c3 d1c1 c3d3 c1d1 c4c3"",""stable_depth_count"":0,""stability_scale"":1.2},{""depth"":14,""move"":""a6a5"",""nodes"":80528,""time_ms"":111,""score"":""cp 397"",""pv"":""a6a5 e3d2 a5a4 d2c2 a4a3 c2d2 a3b3 d2e3 b5b4 e3f4 b3c3 f4f5 b4b3 f5e4"",""stable_depth_count"":1,""stability_scale"":1.0},{""depth"":15,""move"":""a6a5"",""nodes"":93145,""time_ms"":126,""score"":""cp 442"",""pv"":""a6a5 e3d2 a5a4 d2c2 a4a3 c2c1 a3b3 c1d2 b3b2 d2e2 b2c3 e2d1 c3b3"",""stable_depth_count"":2,""stability_scale"":0.85},{""depth"":16,""move"":""a6a5"",""nodes"":355002,""time_ms"":528,""score"":""cp 488"",""pv"":""a6a5 e3d2 a5a4 d2c2 a4a3 c2c1 a3b3 c1b1 b3c3 b1c1 c3b3 c1b1 c4c3 b1a1 b5b4 a1b1"",""stable_depth_count"":3,""stability_scale"":0.75},{""depth"":17,""move"":""a6a5"",""nodes"":579547,""time_ms"":877,""score"":""cp 594"",""pv"":""a6a5 e3d2 a5a4 d2c2 a4a3 c2c1 a3b3 c1b1 b3c3 b1c1 b5b4 c1d1 b4b3"",""stable_depth_count"":4,""stability_scale"":0.75},{""depth"":18,""move"":""a6a5"",""nodes"":1859684,""time_ms"":3010,""score"":""cp 1254"",""pv"":""a6a5 e3d4 a5a4 d4c5 a4b3 c5b5 b3c3 b5c5 c3b3 c5b5 c4c3 b5c6 c3c2 c6d5 c2c1q d5e6"",""stable_depth_count"":5,""stability_scale"":0.75},{""depth"":19,""move"":""a6a5"",""nodes"":4212786,""time_ms"":6809,""score"":""cp 1286"",""pv"":""a6a5 e3d4 a5a4 d4e3 b5b4 c3b4 c4c3 e3d3 a4b3 d3e4 c3c2 e4e3 c2c1q e3e4 c1h1 e4e5 b3b4 e5f5 h1f1 f5g6 f1b1 g6h6 b1f5 h6g7 b4b5"",""stable_depth_count"":6,""stability_scale"":0.75},{""depth"":20,""move"":""a6a5"",""nodes"":6081432,""time_ms"":9696,""score"":""cp 1288"",""pv"":""a6a5 e3d4 a5a4 d4e3 a4a3 e3d4 a3b3 d4c5 b3c3 c5b5 c3b3 b5c5 c4c3 c5d4 c3c2 d4e4 b3c4 e4f5 c4d4 f5e6 c2c1q e6f6 c1f4 f6g6 d4d5"",""stable_depth_count"":7,""stability_scale"":0.75},{""depth"":21,""move"":""a6a5"",""nodes"":7333447,""time_ms"":11644,""score"":""cp 1312"",""pv"":""a6a5 e3d4 a5a4 d4e3 a4a3 e3d4 a3b3 d4c5 b3c3 c5b5 c3b3 b5c5 c4c3 c5d5 c3c2 d5e5 c2c1q e5d5 c1f4 d5c6 b3c4 c6b6 f4e4"",""stable_depth_count"":8,""stability_scale"":0.75}]","{""move"":""a6a5"",""main_pv"":""a6a5,e3d4,a5a4,d4e3,a4a3,e3d4,a3b3,d4c5,b3c3,c5b5,c3b3,b5c5,c4c3,c5d5,c3c2,d5e5,c2c1q,e5d5,c1f4,d5c6,b3c4,c6b6,f4e4"",""helper_submitted"":""0"",""aborted"":""false"",""helper_exited"":""0"",""helper_exceptions"":""0"",""search_elapsed_ns"":""11645390200"",""helper_started"":""0"",""main_score_cp"":""1312"",""main_qnodes"":""13522748"",""source"":""main-result"",""main_tt_hits"":""13010213"",""abort_ms"":""11645"",""main_move"":""a6a5"",""main_nodes"":""7333447"",""search"":""523"",""main_depth"":""21"",""legal"":""true"",""helper_pending"":""0"",""bestmove_ms"":""11645"",""event"":""bestmove"",""latest_move"":""a6a5""}"
"27","8/6b1/p1p4p/2P5/P1B2P1k/8/2K3P1/8 b - - 0 58","20","22","0","false","","watchdog_timeout","0","0","[]","{}"
"28","6k1/4pp1p/3p2p1/P1pPb3/R7/1r2P1PP/3B1P2/6K1 w - - 0 40","13","15","15","true","d2b4","resolved","2749918","7287350300","[{""depth"":1,""move"":""a5a6"",""nodes"":0,""time_ms"":0,""score"":""cp 49"",""pv"":""a5a6"",""stable_depth_count"":0,""stability_scale"":1.0},{""depth"":2,""move"":""a5a6"",""nodes"":25,""time_ms"":0,""score"":""cp 30"",""pv"":""a5a6 b3d3"",""stable_depth_count"":0,""stability_scale"":1.0},{""depth"":3,""move"":""a5a6"",""nodes"":128,""time_ms"":0,""score"":""cp 68"",""pv"":""a5a6 b3b1 g1g2 b1b2"",""stable_depth_count"":0,""stability_scale"":1.0},{""depth"":4,""move"":""a5a6"",""nodes"":1215,""time_ms"":4,""score"":""cp 160"",""pv"":""a5a6 b3b1 g1g2 b1a1 a4a1"",""stable_depth_count"":0,""stability_scale"":1.0},{""depth"":5,""move"":""a5a6"",""nodes"":1502,""time_ms"":5,""score"":""cp 160"",""pv"":""a5a6 b3b1 g1g2 b1a1 a4a1 e5a1"",""stable_depth_count"":1,""stability_scale"":1.0},{""depth"":6,""move"":""a5a6"",""nodes"":3260,""time_ms"":9,""score"":""cp 169"",""pv"":""a5a6 b3b8 a6a7 b8a8 e3e4 g8f8 g1g2"",""stable_depth_count"":2,""stability_scale"":0.85},{""depth"":7,""move"":""a5a6"",""nodes"":5279,""time_ms"":14,""score"":""cp 191"",""pv"":""a5a6 b3b8 a6a7 b8a8 g1g2 g8g7 g2f3 h7h5"",""stable_depth_count"":3,""stability_scale"":0.75},{""depth"":8,""move"":""a5a6"",""nodes"":8504,""time_ms"":25,""score"":""cp 165"",""pv"":""a5a6 b3b8 a6a7 b8a8 f2f4 e5g7 g1f2 h7h5 f2f3"",""stable_depth_count"":4,""stability_scale"":0.75},{""depth"":9,""move"":""a5a6"",""nodes"":13907,""time_ms"":38,""score"":""cp 185"",""pv"":""a5a6 b3b8 a6a7 b8a8 e3e4 g8g7 g1g2 h7h6 g2f3 g6g5"",""stable_depth_count"":5,""stability_scale"":0.75},{""depth"":10,""move"":""a5a6"",""nodes"":299113,""time_ms"":931,""score"":""cp 115"",""pv"":""a5a6 b3b8 a6a7 b8a8 e3e4 c5c4 d2g5 c4c3 g5e7 c3c2 e7g5 f7f6"",""stable_depth_count"":6,""stability_scale"":0.75},{""depth"":11,""move"":""a5a6"",""nodes"":415674,""time_ms"":1223,""score"":""cp 157"",""pv"":""a5a6 b3b1 d2e1 b1b8 a6a7 b8a8 f2f4 e5f6 g3g4 h7h6 g1g2 g8g7 g2f3"",""stable_depth_count"":7,""stability_scale"":0.75},{""depth"":12,""move"":""a5a6"",""nodes"":541819,""time_ms"":1524,""score"":""cp 166"",""pv"":""a5a6 b3b8 a6a7 b8a8 e3e4 g8g7 d2e3 e5c3 g1g2 h7h6 g2f3 c3f6"",""stable_depth_count"":8,""stability_scale"":0.75},{""depth"":13,""move"":""d2b4"",""nodes"":1825906,""time_ms"":4961,""score"":""cp 267"",""pv"":""d2b4 c5b4 a5a6 b3c3 a6a7 c3c8 a4b4 g8g7 b4b8 c8c1 g1g2 c1a1 a7a8q a1a8 b8a8 g7f6 g2f3 f6f5"",""stable_depth_count"":0,""stability_scale"":1.2},{""depth"":14,""move"":""d2b4"",""nodes"":2276403,""time_ms"":6133,""score"":""cp 250"",""pv"":""d2b4 c5b4 a5a6 b3c3 a6a7 c3c8 a4b4 g8g7 b4b8 c8c1 g1g2 c1a1 a7a8q a1a8 b8a8 g7f6 g2f3"",""stable_depth_count"":1,""stability_scale"":1.0},{""depth"":15,""move"":""d2b4"",""nodes"":2749918,""time_ms"":7285,""score"":""cp 265"",""pv"":""d2b4 c5b4 a5a6 b3c3 a6a7 c3c8 a4b4 g8g7 b4b8 c8c1 g1g2 c1a1 a7a8q a1a8 b8a8 g7f6 g2f3 h7h5 h3h4 e5c3"",""stable_depth_count"":2,""stability_scale"":0.85}]","{""move"":""d2b4"",""main_pv"":""d2b4,c5b4,a5a6,b3c3,a6a7,c3c8,a4b4,g8g7,b4b8,c8c1,g1g2,c1a1,a7a8q,a1a8,b8a8,g7f6,g2f3,h7h5,h3h4,e5c3"",""helper_submitted"":""0"",""aborted"":""false"",""helper_exited"":""0"",""helper_exceptions"":""0"",""search_elapsed_ns"":""7287350300"",""helper_started"":""0"",""main_score_cp"":""265"",""main_qnodes"":""10258835"",""source"":""main-result"",""main_tt_hits"":""1032672"",""abort_ms"":""7287"",""main_move"":""d2b4"",""main_nodes"":""2749918"",""search"":""525"",""main_depth"":""15"",""legal"":""true"",""helper_pending"":""0"",""bestmove_ms"":""7287"",""event"":""bestmove"",""latest_move"":""d2b4""}"
"29","r4k2/pb2bp1r/2n1p2p/1pq3p1/3B1N2/2NQP1PP/PPP2PK1/R4R2 b - - 1 25","13","15","15","true","c6d4","resolved","13211258","36341471200","[{""depth"":1,""move"":""c6d4"",""nodes"":0,""time_ms"":0,""score"":""cp 262"",""pv"":""c6d4"",""stable_depth_count"":0,""stability_scale"":1.0},{""depth"":2,""move"":""c6d4"",""nodes"":54,""time_ms"":0,""score"":""cp 271"",""pv"":""c6d4 f2f3 d4f5"",""stable_depth_count"":0,""stability_scale"":1.0},{""depth"":3,""move"":""c6d4"",""nodes"":573,""time_ms"":3,""score"":""cp 275"",""pv"":""c6d4 f2f3 d4f5 e3e4"",""stable_depth_count"":0,""stability_scale"":1.0},{""depth"":4,""move"":""c6d4"",""nodes"":1004,""time_ms"":5,""score"":""cp 304"",""pv"":""c6d4 c3e4 d4c2 g2g1 c5e5"",""stable_depth_count"":0,""stability_scale"":1.0},{""depth"":5,""move"":""c6d4"",""nodes"":4288,""time_ms"":22,""score"":""cp 374"",""pv"":""c6d4 c3e4 d4c2 g2g1 c5f5 d3c2"",""stable_depth_count"":1,""stability_scale"":1.0},{""depth"":6,""move"":""c6d4"",""nodes"":9541,""time_ms"":43,""score"":""cp 494"",""pv"":""c6d4 f2f3 d4f5 c3e4 c5b6 f4h5 f5e3 g2h2"",""stable_depth_count"":2,""stability_scale"":0.85},{""depth"":7,""move"":""c6d4"",""nodes"":25843,""time_ms"":108,""score"":""cp 402"",""pv"":""c6d4 f2f3 d4f5 b2b4 f5e3 g2g1 c5c4 d3h7 e3f1"",""stable_depth_count"":3,""stability_scale"":0.75},{""depth"":8,""move"":""c6d4"",""nodes"":54675,""time_ms"":203,""score"":""cp 479"",""pv"":""c6d4 f2f3 d4f5 f4e2 f5e3 g2h1 e3f1 a1f1 f8g7 c3b5"",""stable_depth_count"":4,""stability_scale"":0.75},{""depth"":9,""move"":""c6d4"",""nodes"":103502,""time_ms"":380,""score"":""cp 521"",""pv"":""c6d4 f2f3 d4f5 f4e2 f5e3 g2h1 e3f1 a1f1 f8g8 c3b5 e7f6"",""stable_depth_count"":5,""stability_scale"":0.75},{""depth"":10,""move"":""c6d4"",""nodes"":190717,""time_ms"":638,""score"":""cp 541"",""pv"":""c6d4 f2f3 d4f5 f4e2 f5e3 g2h2 f8g7 d3b5 e3f1 a1f1 c5b5 c3b5 a7a6 b5d4 b7d5"",""stable_depth_count"":6,""stability_scale"":0.75},{""depth"":11,""move"":""c6d4"",""nodes"":384777,""time_ms"":1203,""score"":""cp 542"",""pv"":""c6d4 f2f3 d4f5 c3e4 b7e4 d3e4 a8d8 f4h5 f5e3 g2h1 f8g8 f1f2 h7h8 a1e1"",""stable_depth_count"":7,""stability_scale"":0.75},{""depth"":12,""move"":""c6d4"",""nodes"":888506,""time_ms"":2675,""score"":""cp 551"",""pv"":""c6d4 f2f3 d4f5 f4e2 f5e3 g2h2 f8g7 d3b5 e3f1 a1f1 c5b5 c3b5 a8d8 b5d4 b7d5 b2b3 e6e5"",""stable_depth_count"":8,""stability_scale"":0.75},{""depth"":13,""move"":""c6d4"",""nodes"":2053406,""time_ms"":5894,""score"":""cp 558"",""pv"":""c6d4 f2f3 d4f5 f4e2 f5e3 g2h2 f8g7 d3b5 c5b5 c3b5 e3f1 a1f1 a8c8 b5d4 h7h8 e2c3 h8d8 f1d1 c8c4"",""stable_depth_count"":9,""stability_scale"":0.75},{""depth"":14,""move"":""c6d4"",""nodes"":4277919,""time_ms"":11796,""score"":""cp 558"",""pv"":""c6d4 f2f3 d4f5 f4e2"",""stable_depth_count"":10,""stability_scale"":0.75},{""depth"":15,""move"":""c6d4"",""nodes"":13211258,""time_ms"":36339,""score"":""cp 550"",""pv"":""c6d4 f2f3 d4f5 f4e2 f5e3 g2h2 e3f1 a1f1 f8g8 d3b5 c5b5 c3b5 a8d8 h2g2"",""stable_depth_count"":11,""stability_scale"":0.75}]","{""move"":""c6d4"",""main_pv"":""c6d4,f2f3,d4f5,f4e2,f5e3,g2h2,e3f1,a1f1,f8g8,d3b5,c5b5,c3b5,a8d8,h2g2"",""helper_submitted"":""0"",""aborted"":""false"",""helper_exited"":""0"",""helper_exceptions"":""0"",""search_elapsed_ns"":""36341471200"",""helper_started"":""0"",""main_score_cp"":""550"",""main_qnodes"":""24378559"",""source"":""main-result"",""main_tt_hits"":""1458272"",""abort_ms"":""36341"",""main_move"":""c6d4"",""main_nodes"":""13211258"",""search"":""526"",""main_depth"":""15"",""legal"":""true"",""helper_pending"":""0"",""bestmove_ms"":""36341"",""event"":""bestmove"",""latest_move"":""c6d4""}"
"30","3r2k1/1p3ppp/2pq4/p1n5/P6P/1P6/1PB2QP1/1K2R3 w - - 0 28","14","16","16","true","f2f3","resolved","19879444","48045285100","[{""depth"":1,""move"":""g2g3"",""nodes"":0,""time_ms"":0,""score"":""cp -149"",""pv"":""g2g3"",""stable_depth_count"":0,""stability_scale"":1.0},{""depth"":2,""move"":""e1d1"",""nodes"":45,""time_ms"":0,""score"":""cp 59"",""pv"":""e1d1 d6d1 c2d1"",""stable_depth_count"":0,""stability_scale"":1.0},{""depth"":3,""move"":""e1d1"",""nodes"":322,""time_ms"":1,""score"":""cp 59"",""pv"":""e1d1 d6d1 c2d1 d8d1"",""stable_depth_count"":0,""stability_scale"":1.0},{""depth"":4,""move"":""e1d1"",""nodes"":1239,""time_ms"":3,""score"":""cp -23"",""pv"":""e1d1 d6d1 c2d1 d8d1 b1c2 c5e4"",""stable_depth_count"":0,""stability_scale"":1.0},{""depth"":5,""move"":""e1d1"",""nodes"":2767,""time_ms"":8,""score"":""cp 69"",""pv"":""e1d1 d6d1 c2d1 d8d1 b1c2 c5e4 f2f5"",""stable_depth_count"":1,""stability_scale"":1.0},{""depth"":6,""move"":""e1d1"",""nodes"":5185,""time_ms"":14,""score"":""cp 53"",""pv"":""e1d1 d6d1 c2d1 d8d1 b1a2 c5d3 f2b6 d1d2"",""stable_depth_count"":2,""stability_scale"":0.85},{""depth"":7,""move"":""h4h5"",""nodes"":26063,""time_ms"":69,""score"":""cp -125"",""pv"":""h4h5 b7b6 e1d1 d6c7 d1d8 c7d8 f2f3 d8d6"",""stable_depth_count"":0,""stability_scale"":1.2},{""depth"":8,""move"":""h4h5"",""nodes"":36658,""time_ms"":97,""score"":""cp -112"",""pv"":""h4h5 b7b6 e1d1 d6c7 d1d8 c7d8 f2f4 c5d3 f4e4"",""stable_depth_count"":1,""stability_scale"":1.0},{""depth"":9,""move"":""b1a2"",""nodes"":79641,""time_ms"":209,""score"":""cp -120"",""pv"":""b1a2 c5e6 f2f5 g7g6 f5a5 d6d4 e1d1 d4h4 d1d8 e6d8"",""stable_depth_count"":0,""stability_scale"":1.2},{""depth"":10,""move"":""b1a2"",""nodes"":126933,""time_ms"":332,""score"":""cp -123"",""pv"":""b1a2 c5e6 f2f5 g7g6 f5a5 d8e8 h4h5 d6g3 h5g6 h7g6"",""stable_depth_count"":1,""stability_scale"":1.0},{""depth"":11,""move"":""f2f5"",""nodes"":313069,""time_ms"":798,""score"":""cp -101"",""pv"":""f2f5 g7g6 f5g5 h7h6 g5e3 b7b6 e1d1 d6f6 d1d8 f6d8 h4h5 g8g7 h5g6"",""stable_depth_count"":0,""stability_scale"":1.2},{""depth"":12,""move"":""f2f5"",""nodes"":462817,""time_ms"":1158,""score"":""cp -101"",""pv"":""f2f5 g7g6 f5g5 h7h6 g5e3 b7b6 e1d1 d6f6 d1d8 f6d8 h4h5 g8g7 h5g6 f7g6"",""stable_depth_count"":1,""stability_scale"":1.0},{""depth"":13,""move"":""f2f5"",""nodes"":777967,""time_ms"":1909,""score"":""cp -99"",""pv"":""f2f5 g7g6 f5g5 h7h6 g5e3 b7b6 e1d1 d6f6 d1d8 f6d8 h4h5 g8g7 h5g6 f7g6 e3f3"",""stable_depth_count"":2,""stability_scale"":0.85},{""depth"":14,""move"":""f2f3"",""nodes"":3604332,""time_ms"":8838,""score"":""cp -118"",""pv"":""f2f3 h7h6 e1d1 d6e7 d1d8 e7d8 f3f5 c5e6 g2g3 b7b6 f5h7 g8f8 h7h8 f8e7 h8d8 e7d8 b1c1 d8e7"",""stable_depth_count"":0,""stability_scale"":1.2},{""depth"":15,""move"":""f2f3"",""nodes"":6715009,""time_ms"":16350,""score"":""cp -113"",""pv"":""f2f3 h7h6 e1d1 d6e7 d1d8 e7d8 f3f5 c5e6 g2g3 b7b6 f5h7 g8f8 h7h8 f8e7 h8d8 e7d8 b1c1 d8d7 c1d2"",""stable_depth_count"":1,""stability_scale"":1.0},{""depth"":16,""move"":""f2f3"",""nodes"":19879444,""time_ms"":48044,""score"":""cp -108"",""pv"":""f2f3 h7h6 e1d1 d6c7 d1d8 c7d8 f3f5 c5e6 f5h7 g8f8 h7h8 f8e7 h8d8 e7d8 b1c1 e6d4 c1d2 d8d7 h4h5"",""stable_depth_count"":2,""stability_scale"":0.85}]","{""move"":""f2f3"",""main_pv"":""f2f3,h7h6,e1d1,d6c7,d1d8,c7d8,f3f5,c5e6,f5h7,g8f8,h7h8,f8e7,h8d8,e7d8,b1c1,e6d4,c1d2,d8d7,h4h5"",""helper_submitted"":""0"",""aborted"":""false"",""helper_exited"":""0"",""helper_exceptions"":""0"",""search_elapsed_ns"":""48045285100"",""helper_started"":""0"",""main_score_cp"":""-108"",""main_qnodes"":""37225550"",""source"":""main-result"",""main_tt_hits"":""2365208"",""abort_ms"":""48045"",""main_move"":""f2f3"",""main_nodes"":""19879444"",""search"":""527"",""main_depth"":""16"",""legal"":""true"",""helper_pending"":""0"",""bestmove_ms"":""48045"",""event"":""bestmove"",""latest_move"":""f2f3""}"
