index	depth	control_move	control_score	control_nodes	control_qnodes	control_tt_hits	control_pv	candidate_move	candidate_score	candidate_nodes	candidate_qnodes	candidate_tt_hits	candidate_pv	node_delta	qnode_delta	tt_hit_delta	ab_calls	pv_wide	pv_null	nonpv_wide	nonpv_null	nonpv_wide_razor_returns	nonpv_wide_futility_skips	nonpv_wide_losing_capture_skips	pv_wide_full_window_research_le_alpha	pv_wide_full_window_research_inside	pv_wide_full_window_research_ge_beta	lmr_probes	lmr_fail_highs	lmr_researches	root_wide_full_window_research_le_alpha	root_wide_full_window_research_inside	root_wide_full_window_research_ge_beta	pvs_zero_window_probes	pv_wide_zero_window_probes	root_wide_zero_window_probes	full_depth_zero_window_probes	full_window_researches	full_window_researches_pv_owned	root_full_window_researches	nonpv_razor_returns	nonpv_futility_skips	nonpv_losing_capture_skips
0	13	e2e4	29	528398	1218768	145603	e2e4 e7e5 g1f3 g8f6 b1c3 b8c6 d2d4 e5d4 f3d4 c6d4 d1d4 c7c6 f1e2	e2e4	26	503502	1144542	151288	e2e4 d7d5 e4d5 c7c6 d5c6 b8c6 b1c3 g8f6 g1f3 e7e5 h2h3 c8e6 f3g5 e6d5	-24896	-74226	5685	1624935	260	0	0	1624675	0	0	0	0	53	2	235076	246	246	0	10	0	1114117	4648	247	879041	65	65	10	24755	207826	20941
1	13	e2a6	-90	3475078	7660190	475283	e2a6 b4c3 d2c3 e6d5 e5g4 h3g2 f3g2 e8f8 c3f6 g7f6 e1c1 f6g5 c1b1 d5e4 h2h4 h8h4	e2a6	-120	3719319	7567402	670523	e2a6 b4c3 d2c3 e6d5 e5g4 h3g2 f3g2 e8g8 c3f6 g7f6 e1c1 d5e4 g4f6 e7f6 a6b7 f6f4 c1b1	244241	-92788	195240	9062026	670	0	0	9061356	0	0	0	7	90	18	2044815	1879	1879	0	2	0	5258996	13138	846	3214181	138	138	2	539269	1839650	168371
2	13	e1d2	160	7568	7523	8952	e1d2 e8d7 d2e3 d7d6 e3f4 d6e6 e2e4 e6f6 e4e5 f6e7 f4e3 e7d7 e3e4 d7e6	e1d2	160	9081	9251	10295	e1d2 e8d7 d2e3 d7d6 e3f4 d6d5 e2e4 d5e6 e4e5 e6e7 f4f5 e7d7 f5e4 d7e6	1513	1728	1343	29360	333	0	0	29027	0	0	0	10	50	3	4392	119	119	1	4	0	19994	1202	70	15602	72	72	5	0	0	0
3	13	c4c5	-590	605659	1501526	198351	c4c5 b6c5 b4c5 a3c5 g1h1 b2a1r d1a1 a8a7 e4e5 f6h5 g2g4 g7h6 g4h5 g6h5 d2d4 c5c4 b5b6	c4c5	-532	856243	2208797	243592	c4c5 b6c5 b4c5 a3c5 g1h1 b2a1q d1a1 c5c4 e4e5 c4a4 e5f6 g7h6 a1e5 e8f8 e5c7 a4b5 f1e1 f8g8 f3d4	250584	707271	45241	2229861	723	0	0	2229138	0	0	0	6	135	14	536006	689	689	2	1	0	1343538	13910	85	807532	177	177	3	125266	439350	33895
4	13	b5c4	-45	444366	1180659	97281	b5c4 e2e4 c7c6 f1c4 d7d5 e4d5 c6d5 c4d3 b8c6 g1f3 g8f6 e1g1 a8b8	b5c4	-46	421737	1013763	113965	b5c4 e2e4 c7c6 f1c4 d7d5 e4d5 c6d5 c4b5 c8d7 b5d3 b8c6 g1f3 c6b4 b1c3	-22629	-166896	16684	1300106	424	0	0	1299682	0	0	0	4	62	6	189478	299	299	0	0	0	871856	7943	294	682378	86	86	0	25020	235088	20588
5	13	d1d3	416	1549645	3889617	292659	d1d3 h7h6 c1d2 h5f7 c4f7	g1h1	410	983092	2251717	285490	g1h1 c8d7 b2b3 e7c6 c1b2 c6d4 a3a4 c7c6 c3e2 d4e2 d1e2 d8e7 c2c3	-566553	-1637900	-7169	3044898	1446	0	0	3043452	0	0	0	10	272	16	606750	2560	2560	1	20	0	2039752	32058	520	1433002	386	386	21	67186	565799	92510
6	13	b4b2	-43	634214	1300189	229620	b4b2 e3d2 b2b6 g1h1 a8b8 d3d4 c6c5 a1b1 b6a5 d4d5 b8b1 f1b1	b4b2	-31	532753	1096909	223120	b4b2 e3d2 b2b6 g1h1 a8b8 f3g5 b6d4 c3e2 d4d6 a2a4 h7h6 g5e6 e8e6 a1b1	-101461	-203280	-6500	1614859	547	0	0	1614312	0	0	0	6	95	9	380194	564	564	0	0	0	1065713	12129	658	685519	125	125	0	62578	283326	52886
7	13	h3f5	-295	994398	2473757	160864	h3f5 a6a5 a2a3 e6f5 e5e6 f7f6 e6d7 c8d7 f3e5 d7e6 e5c6 d8c7 c6d4 e6d7 h2h4	f3d4	-300	761682	1782412	151512	f3d4 d8c7 f2f4 c7b6 h3f5 b6d4 c3d4 e6f5 e5e6 f7e7 e6d7 e7d7 a2a3 d7c6 f1f2	-232716	-691345	-9352	2139652	986	0	0	2138666	0	0	0	19	164	27	279677	1425	1425	2	4	1	1367511	11807	266	1087834	248	248	7	54356	475333	44465
8	13	b3c2	16	944419	1841645	307182	b3c2 e7g6 d2f3 c7c6 f3e5 c8d7 a1e1 a7a6	b3c2	17	1065327	1996578	355418	b3c2 e7g6 d2f3 c7c6 f3e5 c8d7 a1e1 d8c7 e3d2 a8e8 h5h3 c6c5 e5d7	120908	154933	48236	3075134	510	0	0	3074624	0	0	0	2	117	6	751351	1337	1337	1	11	0	1980771	10131	637	1229420	155	155	12	122774	369768	63618
9	13	c6g6	-110	258683	591758	78893	c6g6 d7g7 g6d6 d4a7 d6d5 g8f7 d5d6 f7e7 d6c6 g7f7 c6c7 e7f6 c7f7 f6f7 a5a6 a7c5	c6g6	-108	224527	485108	90525	c6g6 d7g7 g6d6 d4a7 d6d5 g8h7 a5a6 g7f7 f2f4 g5f4 g3f4 h7g6 d5g5 g6h6 g2f3	-34156	-106650	11632	722294	868	0	0	721426	0	0	0	1	222	10	82526	379	379	0	8	1	490351	8334	305	407825	274	274	9	19133	73142	4123
10	13	c6d4	432	1463870	4049839	212661	c6d4 e3d4 d8a5 a2a3 c8e6 b2b4 a5c7 a3a4 a7a6 a4a5 a8c8 h2h3 c7d7	c8d7	445	371551	895793	123829	c8d7 d4c6 b7c6 b2b3 d8a5 a2a3 a8b8 a3a4 e7e5 a1d1 a7a6 e3f2 d6d5	-1092319	-3154046	-88832	1172203	653	0	0	1171550	0	0	0	6	172	13	219583	803	803	0	5	0	791382	13664	455	571799	222	222	5	27390	210244	26194
11	13	e4f3	583	106151	123121	65708	e4f3 d2e3 f3c6 e3f4 e6f6 f4g3 g6g5 g3g4 c6d7 g4f3 f6e5 a2a3 g5g4 f3g3 a7a5 a3a4 d7f5	e4f3	584	113241	129012	68088	e4f3 d2e3 f3c6 e3f4 e6f6 f4g3 g6g5 g3g4 c6e4 g4g3 f6f5 g3f2 g5g4 f2g3 e4b1	7090	5891	2380	293826	257	0	0	293569	0	0	0	1	39	0	69065	275	275	0	0	0	182769	1896	247	113704	46	46	0	17675	68641	654
12	13	g6f5	-399	19151	23591	14566	g6f5 e3d4 f5e6 g3g4	g6f5	-375	19767	21101	14925	g6f5 e3f3 f5f6 g3g4 f6e6 f4f5 e6e5 f3e3 e5f6 e3f4 f6e7 g4g5 e7d6 g5g6	616	-2490	359	55121	346	0	0	54775	0	0	0	10	49	7	5409	105	105	0	3	0	35219	1056	108	29810	71	71	3	85	2846	0
13	13	b4f4	19	134731	298233	52919	b4f4 h4g3 f4f3 g3g2 f3c3 h5c5 c3c5 d6c5 e2e4 c5c4 a5b4 g2f3 e4e5 f3f4	b4f4	11	189541	430817	73797	b4f4 h4g3 f4f3 g3g2 a5a6 h5c5 f3f6 g2g3 b5b6 c7b6 a6b6 c5e5 f6g6 g3f4 g6d6 e5e2	54810	132584	20878	581509	394	0	0	581115	0	0	0	5	59	7	55922	312	312	0	5	0	386941	3156	169	331019	81	81	5	15581	72913	2965
14	13	a2a4	59	1523227	3915325	261327	a2a4 c8b7 d1d3 c7c6 f1c1 h8g8 h2h3 e7g6 e3f5 f8e8 a4b5 a6b5 d3e2	f1e1	65	1172659	3073666	268275	f1e1 c8b7 d1d3 d8d7 a1c1 h8g8 d4d5 f8e8 d3d2 a7e3 e1e3 e7g6 f3d4	-350568	-841659	6948	3643215	1575	0	0	3641640	0	0	0	33	344	28	572105	2625	2625	2	13	0	2454311	31711	442	1882206	475	475	15	73640	553821	97567
15	13	c3d5	146	939472	2736571	234416	c3d5 e7d8 c2c3 g4e6 b2b4 c5b6 g5f6 g7f6 h2h3 e6d5	c3d5	139	777022	1670099	245255	c3d5 e7d8 c2c3 g4e6 g5f6 g7f6 b2b4 c5b6 d3d4 e6d5 c4d5 d8e7 f1d1 h7h6 d4e5	-162450	-1066472	10839	2067831	577	0	0	2067254	0	0	0	8	117	7	535846	741	741	0	6	0	1265452	11577	585	729606	163	163	6	102776	419335	56143
16	13	d5e4	-51	815181	2129931	142547	d5e4 e1g1 a8c8 f1b1 c8c2 b1b4 f6d5 b4b7 a5b7 g2e4 d5f4 e4c2 f4e2 g1g2	f6e4	-38	639344	1609002	160555	f6e4 d2e4 d5e4 a1b1 b7d5 b1b4 a5c6 b4b5 e8c8 b5c5 c8b7 f4e3 f7f5	-175837	-520929	18008	1852531	831	0	0	1851700	0	0	0	4	145	17	315214	917	917	1	3	0	1201911	13177	421	886697	203	203	4	51134	387593	26811
17	13	a6a5	-48	467210	1084544	118962	a6a5 f4f5 g6e5 d4e5 f6e5 f5f6 a5a4 b3b4 g7f6 f1f6 b8f8 e1f1 f8f6	a6a5	-49	452728	988237	143981	a6a5 f4f5 g6e5 d4e5 f6e5 a2a4 b8b4 c4c2 a8f8 e1d1 c7c5 f1f3 b4b8	-14482	-96307	25019	1387588	559	0	0	1387029	0	0	0	11	99	11	253280	1109	1109	0	5	0	924281	10407	468	671001	149	149	5	51790	282601	40593
18	13	e2e3	386	1369277	3362585	278464	e2e3 c7c5 g1f3 c5d4 e3d4 f8b4 c1d2 b4e7 f1e2 d5c4 e1g1 c8d7 f3e5 e8g8	e2e3	383	1206922	2955351	311826	e2e3 c7c5 g1f3 c5d4 e3d4 f8b4 c1d2 b4d2 b1d2 e8g8 f1d3 d8b6 e1g1 c8d7 d1c2	-162355	-407234	33362	3860714	1333	0	0	3859381	0	0	0	11	236	24	546096	984	984	1	6	0	2633746	25589	377	2087650	320	320	7	56535	416145	55148
19	13	a5c3	640	437737	1039288	140745	a5c3 c8b8 a4a5 g4f3 a5a6 e7a7 d2c2 f7f5 c2b2 b8b6 b2a2 b6b8 a2c2	a5c3	640	381362	869145	167342	a5c3 c8b8 a4a5 g4f3 d2f4 e7d8 e1b1 d8d7 a5a6 b8a8 a6a7 a8a7 a1a7 d7a7	-56375	-170143	26597	1281985	738	0	0	1281247	0	0	0	13	128	13	221952	840	840	1	7	1	888690	12324	456	666738	193	193	9	36923	165324	38858
20	13	d7d2	1583	150814	238508	80953	d7d2 f1d1 d2c3 a1c1 c3a5 c4b3 g7h6 c1b1 e7e6 a2a4 c5c4 b3c2 a5c3	d7d2	1608	169381	282371	89186	d7d2 f1d1 d2c3 c4d5 a8b8 a1c1 c3a3 c1c2 e5d3 c2d2 d3f4 d5c4 a3a8	18567	43863	8233	490954	337	0	0	490617	0	0	0	5	60	8	152309	230	230	0	0	0	313015	6194	572	160706	84	84	0	29241	79714	5666
21	13	c6a6	-37	2172114	4644866	454851	c6a6 e3h6 g7h6 c1h6 b8b2 h2g1 a6d6	g6g5	-35	1759077	3566108	464575	g6g5 h2g1 c6b6 e1e2 b8a8 a2a3	-413037	-1078758	9724	4937115	1336	0	0	4935779	0	0	0	12	257	13	1052137	3316	3316	2	16	0	3136342	28622	494	2084205	365	365	18	181988	1001449	147426
22	13	d4b5	24	581587	1343701	174350	d4b5 a6b5 a4b5 d5f4 b3c4 a8d8 d1d8 e8d8 h2h4 b4d5 c2c3 b6c7 g1h2	d4b5	23	612390	1360643	194197	d4b5 a6b5 a4b5 d5f4 d1a1 a8d8 g2f1 d8d4 e1e4 g8h8 a1e1 e8f8 e4d4 c5d4	30803	16942	19847	1678497	843	0	0	1677654	0	0	0	10	161	16	357811	769	769	1	5	0	1045939	14828	528	688128	232	232	6	67855	352800	33709
23	13	g5d8	682	176857	395806	91055	g5d8 a8d8 d6c4 d8g8 b1b6 a6a7 b6b4 a7a6 e2d3 g8d8 d3c2 d8g8 c4d6 a6a5 d6b7 a5a6 b7c5 a6a5	g5d8	688	172663	350025	87839	g5d8 a8d8 d6c4 d8e8 e2f2 e8f8 f2g2 f8e8 h2h4 e8e2 g2f3 e2c2 b1b6 a6a7 b6b4 c2c3 f3f4 a7a6 b4b6	-4194	-45781	-3216	576774	639	0	0	576135	0	0	0	5	142	6	99523	413	413	0	0	0	396030	5581	533	296507	173	173	0	23410	73163	810
24	13	d5e3	509	57130	103865	23770	d5e3 g1f2 e3d5 d3c5 d7c8 c5d3 g7f6 f2f3 e6e5 f3e4 d5c3 e4e3 e5e4 d3c5	d5e3	509	53667	96570	23251	d5e3 g1f2 e3d5 d3c5 d7c8 c5d3 g7f6 f2f3 e6e5 f3e4 d5c3 e4e3 e5e4 d3c5	-3463	-7295	-519	165383	226	0	0	165157	0	0	0	0	46	2	22187	81	81	0	0	0	109747	2178	266	87560	53	53	0	3900	28852	1880
25	13	h5e2	1578	145819	320245	48975	h5e2 f1e1 c6e4 c1e3 e4c4 g1h2 e8g8 e3b6 e7f5 a1c1 f5h4 h2g3 h4f3 e1h1	h5e2	1594	216932	490693	74027	h5e2 f1e1 c6e4 c1e3 e4c4 e3b6 e7f5 g1h2 e8g8 b6e3 f5h4 h3g1 e2f3	71113	170448	25052	657005	666	0	0	656339	0	0	0	8	171	11	122296	344	344	0	0	0	433976	10083	546	311680	206	206	0	20011	99518	10931
26	13	a6a5	422	47736	108493	31594	a6a5 e3d2 a5a4 d2c2 a4a3 c2d2 a3b2 d2d1 b2c3 d1c1 c3d3 c1d1 c4c3	b5b4	281	48453	94080	35953	b5b4	717	-14413	4359	161548	781	0	0	160767	0	0	0	18	158	10	15163	311	311	2	2	2	113043	3018	50	97880	206	206	6	1815	11065	0
27	13	a6a5	-118	72278	177061	37879	a6a5 c4d5 g7d4 d5c6 d4c5 f4f5 h4g5 c6d7 h6h5 c2d3 h5h4 d3c4 c5d6	a6a5	-118	64657	143453	39099	a6a5 c4d5 g7d4 d5c6 d4c5 f4f5 h4g5 c6d7 h6h5 c2d3 h5h4 d3c4 c5d6	-7621	-33608	1220	222987	398	0	0	222589	0	0	0	1	82	5	28178	173	173	0	6	0	156180	3352	168	128002	101	101	6	2349	21795	138
28	13	d2b4	267	1825906	7116080	655054	d2b4 c5b4 a5a6 b3c3 a6a7 c3c8 a4b4 g8g7 b4b8 c8c1 g1g2 c1a1 a7a8q a1a8 b8a8 g7f6 g2f3 f6f5	d2b4	267	1442772	5044969	514912	d2b4 c5b4 a5a6 b3c3 a6a7 c3c8 a4b4 g8g7 b4b8 c8c1 g1g2 c1a1 a7a8q a1a8 b8a8 g7f6 g2f3 f6f5	-383134	-2071111	-140142	5316795	1980	0	0	5314815	0	0	0	58	546	28	633327	4754	4754	0	1	1	3892461	23057	391	3259134	709	709	2	117535	1569025	48541
29	13	c6d4	558	2053406	3893576	411984	c6d4 f2f3 d4f5 f4e2 f5e3 g2h2 f8g7 d3b5 c5b5 c3b5 e3f1 a1f1 a8c8 b5d4 h7h8 e2c3 h8d8 f1d1 c8c4	c6d4	557	1789736	3191631	465942	c6d4 f2f3 d4f5 f4e2 f5e3 g2h2 e3f1 a1f1 h7g7 d3b5 b7c6 b5c5 e7c5 c3e4 c6e4 f3e4 a8b8	-263670	-701945	53958	4548745	781	0	0	4547964	0	0	0	14	192	12	1163937	1130	1130	0	1	0	2704399	13063	481	1540462	239	239	1	243847	678640	49369
30	13	f2f5	-99	777967	1300972	199111	f2f5 g7g6 f5g5 h7h6 g5e3 b7b6 e1d1 d6f6 d1d8 f6d8 h4h5 g8g7 h5g6 f7g6 e3f3	b1a2	-121	982156	1660634	272398	b1a2 b7b6 e1d1 d6e7 d1d8 e7d8 f2f4 g7g6 g2g3 f7f5 a2b1 g8g7 f4e5 g7f7 b1a2	204189	359662	73287	2654972	1563	0	0	2653409	0	0	0	16	369	26	537430	1657	1657	5	10	0	1641819	25537	588	1104389	500	500	15	146906	328845	36611
0	8	e2e4	25	14926	39927	4908	e2e4 e7e5 b1c3 b8c6 g1f3	e2e4	25	14776	38388	6408	e2e4 e7e5 b1c3 g8f6 g1f3 b8c6 d2d4	-150	-1539	1500	55034	143	0	0	54891	0	0	0	0	35	2	6026	2	2	0	10	0	40005	2076	152	33979	47	47	10	188	3094	389
2	8	e1d2	122	1226	1816	1024	e1d2 e8d7 e2e4 d7d6 d2d3 d6e5 d3e3 e5e6	e1d2	122	1287	1855	1002	e1d2 e8d7 e2e4 d7d6 d2d3 d6e5 d3e3 e5e6	61	39	-22	4219	107	0	0	4112	0	0	0	0	18	2	429	23	23	0	4	0	2897	399	45	2468	24	24	4	0	0	0
6	8	b4b2	-63	34694	88266	14691	b4b2 e3d2 b2b6 d3d4 e6c4 f1b1 b6a5 f3e5 c4b5	b4b2	-55	32267	74334	14840	b4b2 e3d2 b2b6 d3d4 e6c4 f1b1 b6a5 f3e5 e8e5	-2427	-13932	149	103717	104	0	0	103613	0	0	0	0	26	2	20937	18	18	0	0	0	70845	2063	423	49908	28	28	0	3240	16964	4337
13	8	b4f4	14	6456	14776	1938	b4f4 h4g3 f4c4 h5c5 a5b4 c5c4 b4c4 g3g2 c4d3 g2f2	b4f4	14	6136	13640	1913	b4f4 h4g3 f4c4 h5c5 a5b4 c5c4 b4c4 g3g2 c4d3 g2f2	-320	-1136	-25	18690	95	0	0	18595	0	0	0	0	16	1	1591	7	7	0	3	0	12389	658	104	10798	22	22	3	528	1965	171
20	8	d7d2	1565	8902	16736	3982	d7d2 c4d5 a8a3 a1b1 c5c4 f1d1 d2c3 f2f4	d7d2	1567	7829	13552	4259	d7d2 f1d1 d2c3 c4d5 a8b8 a1c1 c3a5 f2f4	-1073	-3184	277	23424	95	0	0	23329	0	0	0	1	25	3	7171	4	4	0	0	0	15181	1673	352	8010	31	31	0	1461	3066	207
