index	depth	move	score	nodes	qnodes	tt_hits	pv
0	13	e2e4	29	528398	1218768	145603	e2e4 e7e5 g1f3 g8f6 b1c3 b8c6 d2d4 e5d4 f3d4 c6d4 d1d4 c7c6 f1e2
1	13	e2a6	-90	3475078	7660190	475283	e2a6 b4c3 d2c3 e6d5 e5g4 h3g2 f3g2 e8f8 c3f6 g7f6 e1c1 f6g5 c1b1 d5e4 h2h4 h8h4
2	13	e1d2	160	7568	7523	8952	e1d2 e8d7 d2e3 d7d6 e3f4 d6e6 e2e4 e6f6 e4e5 f6e7 f4e3 e7d7 e3e4 d7e6
3	13	c4c5	-590	605659	1501526	198351	c4c5 b6c5 b4c5 a3c5 g1h1 b2a1r d1a1 a8a7 e4e5 f6h5 g2g4 g7h6 g4h5 g6h5 d2d4 c5c4 b5b6
4	13	b5c4	-45	444366	1180659	97281	b5c4 e2e4 c7c6 f1c4 d7d5 e4d5 c6d5 c4d3 b8c6 g1f3 g8f6 e1g1 a8b8
5	13	d1d3	416	1549645	3889617	292659	d1d3 h7h6 c1d2 h5f7 c4f7
6	13	b4b2	-43	634214	1300189	229620	b4b2 e3d2 b2b6 g1h1 a8b8 d3d4 c6c5 a1b1 b6a5 d4d5 b8b1 f1b1
7	13	h3f5	-295	994398	2473757	160864	h3f5 a6a5 a2a3 e6f5 e5e6 f7f6 e6d7 c8d7 f3e5 d7e6 e5c6 d8c7 c6d4 e6d7 h2h4
8	13	b3c2	16	944419	1841645	307182	b3c2 e7g6 d2f3 c7c6 f3e5 c8d7 a1e1 a7a6
9	13	c6g6	-110	258683	591758	78893	c6g6 d7g7 g6d6 d4a7 d6d5 g8f7 d5d6 f7e7 d6c6 g7f7 c6c7 e7f6 c7f7 f6f7 a5a6 a7c5
10	13	c6d4	432	1463870	4049839	212661	c6d4 e3d4 d8a5 a2a3 c8e6 b2b4 a5c7 a3a4 a7a6 a4a5 a8c8 h2h3 c7d7
11	13	e4f3	583	106151	123121	65708	e4f3 d2e3 f3c6 e3f4 e6f6 f4g3 g6g5 g3g4 c6d7 g4f3 f6e5 a2a3 g5g4 f3g3 a7a5 a3a4 d7f5
12	13	g6f5	-399	19151	23591	14566	g6f5 e3d4 f5e6 g3g4
13	13	b4f4	19	134731	298233	52919	b4f4 h4g3 f4f3 g3g2 f3c3 h5c5 c3c5 d6c5 e2e4 c5c4 a5b4 g2f3 e4e5 f3f4
14	13	a2a4	59	1523227	3915325	261327	a2a4 c8b7 d1d3 c7c6 f1c1 h8g8 h2h3 e7g6 e3f5 f8e8 a4b5 a6b5 d3e2
15	13	c3d5	146	939472	2736571	234416	c3d5 e7d8 c2c3 g4e6 b2b4 c5b6 g5f6 g7f6 h2h3 e6d5
16	13	d5e4	-51	815181	2129931	142547	d5e4 e1g1 a8c8 f1b1 c8c2 b1b4 f6d5 b4b7 a5b7 g2e4 d5f4 e4c2 f4e2 g1g2
17	13	a6a5	-48	467210	1084544	118962	a6a5 f4f5 g6e5 d4e5 f6e5 f5f6 a5a4 b3b4 g7f6 f1f6 b8f8 e1f1 f8f6
18	13	e2e3	386	1369277	3362585	278464	e2e3 c7c5 g1f3 c5d4 e3d4 f8b4 c1d2 b4e7 f1e2 d5c4 e1g1 c8d7 f3e5 e8g8
19	13	a5c3	640	437737	1039288	140745	a5c3 c8b8 a4a5 g4f3 a5a6 e7a7 d2c2 f7f5 c2b2 b8b6 b2a2 b6b8 a2c2
20	13	d7d2	1583	150814	238508	80953	d7d2 f1d1 d2c3 a1c1 c3a5 c4b3 g7h6 c1b1 e7e6 a2a4 c5c4 b3c2 a5c3
21	13	c6a6	-37	2172114	4644866	454851	c6a6 e3h6 g7h6 c1h6 b8b2 h2g1 a6d6
22	13	d4b5	24	581587	1343701	174350	d4b5 a6b5 a4b5 d5f4 b3c4 a8d8 d1d8 e8d8 h2h4 b4d5 c2c3 b6c7 g1h2
23	13	g5d8	682	176857	395806	91055	g5d8 a8d8 d6c4 d8g8 b1b6 a6a7 b6b4 a7a6 e2d3 g8d8 d3c2 d8g8 c4d6 a6a5 d6b7 a5a6 b7c5 a6a5
24	13	d5e3	509	57130	103865	23770	d5e3 g1f2 e3d5 d3c5 d7c8 c5d3 g7f6 f2f3 e6e5 f3e4 d5c3 e4e3 e5e4 d3c5
25	13	h5e2	1578	145819	320245	48975	h5e2 f1e1 c6e4 c1e3 e4c4 g1h2 e8g8 e3b6 e7f5 a1c1 f5h4 h2g3 h4f3 e1h1
26	13	a6a5	422	47736	108493	31594	a6a5 e3d2 a5a4 d2c2 a4a3 c2d2 a3b2 d2d1 b2c3 d1c1 c3d3 c1d1 c4c3
27	13	a6a5	-118	72278	177061	37879	a6a5 c4d5 g7d4 d5c6 d4c5 f4f5 h4g5 c6d7 h6h5 c2d3 h5h4 d3c4 c5d6
28	13	d2b4	267	1825906	7116080	655054	d2b4 c5b4 a5a6 b3c3 a6a7 c3c8 a4b4 g8g7 b4b8 c8c1 g1g2 c1a1 a7a8q a1a8 b8a8 g7f6 g2f3 f6f5
29	13	c6d4	558	2053406	3893576	411984	c6d4 f2f3 d4f5 f4e2 f5e3 g2h2 f8g7 d3b5 c5b5 c3b5 e3f1 a1f1 a8c8 b5d4 h7h8 e2c3 h8d8 f1d1 c8c4
30	13	f2f5	-99	777967	1300972	199111	f2f5 g7g6 f5g5 h7h6 g5e3 b7b6 e1d1 d6f6 d1d8 f6d8 h4h5 g8g7 h5g6 f7g6 e3f3
0	8	e2e4	25	14926	39927	4908	e2e4 e7e5 b1c3 b8c6 g1f3
2	8	e1d2	122	1226	1816	1024	e1d2 e8d7 e2e4 d7d6 d2d3 d6e5 d3e3 e5e6
6	8	b4b2	-63	34694	88266	14691	b4b2 e3d2 b2b6 d3d4 e6c4 f1b1 b6a5 f3e5 c4b5
13	8	b4f4	14	6456	14776	1938	b4f4 h4g3 f4c4 h5c5 a5b4 c5c4 b4c4 g3g2 c4d3 g2f2
20	8	d7d2	1565	8902	16736	3982	d7d2 c4d5 a8a3 a1b1 c5c4 f1d1 d2c3 f2f4
