index	depth	control_move	control_score	control_nodes	control_qnodes	control_tt_hits	control_pv	candidate_move	candidate_score	candidate_nodes	candidate_qnodes	candidate_tt_hits	candidate_pv	d13_source
5	13	d1d3	416	1549645	3889617	292659	d1d3 h7h6 c1d2 h5f7 c4f7	g1h1	410	983092	2251717	285490	g1h1 c8d7 b2b3 e7c6 c1b2 c6d4 a3a4 c7c6 c3e2 d4e2 d1e2 d8e7 c2c3	frozen-stage3
5	14	g1h1	418	3062411	7310356	471224	g1h1 c8d7 b2b3 e7c6 c1b2 c6d4 a3a4 h5f7 c4f7 f8f7 d1d2 c7c6 c3e2 d4e2	g1h1	411	1741486	3924020	464139	g1h1 h5f7 c4f7 f8f7 b2b3 e7g6 c1b2 c7c6 a3a4 c8e6 d1d2 d8c7 a1d1 a8d8 d2f2	fresh-cold-search
5	15	g1h1	418	4493235	10569930	662294	g1h1 c8d7 b2b3 e7c6 c1b2 c6d4 a3a4 h5f7 c4f7 f8f7 d1d3 c7c6 c3e2 d4e2 d3e2	g1h1	418	2527509	5712698	635556	g1h1 c7c6 c4b3 b6b5 c3e2 b7b6 c1d2 h5f7 f3f4 c8e6 b3e6 f7e6 f4f5 e6f7 f5f6	fresh-cold-search
7	13	h3f5	-295	994398	2473757	160864	h3f5 a6a5 a2a3 e6f5 e5e6 f7f6 e6d7 c8d7 f3e5 d7e6 e5c6 d8c7 c6d4 e6d7 h2h4	f3d4	-300	761682	1782412	151512	f3d4 d8c7 f2f4 c7b6 h3f5 b6d4 c3d4 e6f5 e5e6 f7e7 e6d7 e7d7 a2a3 d7c6 f1f2	frozen-stage3
7	14	g2g4	-285	2161127	5202430	327652	g2g4 f5g4 h3g4 a6a5 f3d4 d7b6 d4c6 d8c7 b4a5 b6a4 e1e3 c7a5 g4h5 f7g7 e3g3 g7h6	f3d4	-299	1770448	4141457	318288	f3d4 d7f8 g2g4 f5g4 h3g4 a6a5 d4b5 a5b4 c3b4 f7e7 b5c3 d5d4 g4f3 a8b8	fresh-cold-search
7	15	h3f5	-305	4144705	10101260	578408	h3f5 e6f5 e5e6 f7e7 e6d7 e7d7 f3d4 d8f6 e1d1 d7d6 g2g3 c8d7 f1g2 a6a5 a2a3 a5b4 a3b4	f3d4	-317	4719969	10852363	727609	f3d4 d7f8 g2g4 f5g4 h3g4 a6a5 g4h5 f7e7 a2a3 a5b4 a3b4 c8d7 h2h3 a8a3 e1e3 a3a2	fresh-cold-search
10	13	c6d4	432	1463870	4049839	212661	c6d4 e3d4 d8a5 a2a3 c8e6 b2b4 a5c7 a3a4 a7a6 a4a5 a8c8 h2h3 c7d7	c8d7	445	371551	895793	123829	c8d7 d4c6 b7c6 b2b3 d8a5 a2a3 a8b8 a3a4 e7e5 a1d1 a7a6 e3f2 d6d5	frozen-stage3
10	14	a7a6	426	4148202	11514176	478780	a7a6 d4c6 b7c6 a2a4 a8b8 b2b3 a6a5 e3a7 b8b7 a7f2 e7e5 a1d1 f6e8 d2e2	a7a6	421	2802337	6732739	444650	a7a6 d4c6 b7c6 b2b3 c8e6 a2a4 d8c7 e3h6 g7h6 d2h6 c7b6 g1h1 a8b8 a1d1 b6c5 d1d3	fresh-cold-search
10	15	c6e5	421	14502667	38999918	1430977	c6e5 b2b3 c8d7 d4e2 a8c8 e3h6 d8b6 g1h1 g7h6 d2h6	c6d4	431	5779420	13805568	752055	c6d4 e3d4 b7b6 f1d1 c8a6 d4e3 d8c7	fresh-cold-search
14	13	a2a4	59	1523227	3915325	261327	a2a4 c8b7 d1d3 c7c6 f1c1 h8g8 h2h3 e7g6 e3f5 f8e8 a4b5 a6b5 d3e2	f1e1	65	1172659	3073666	268275	f1e1 c8b7 d1d3 d8d7 a1c1 h8g8 d4d5 f8e8 d3d2 a7e3 e1e3 e7g6 f3d4	frozen-stage3
14	14	d1d3	54	3550305	9067058	482735	d1d3 c8b7 a2a4 d8d7 a4b5 a6b5 d4d5 h8g8 e4e5 a7e3 f2e3 a8a1 f1a1 b5b4	d1d3	58	3274766	8210672	588107	d1d3 c8b7 a2a4 d8d7 f1e1 c7c6 f3d2 b5b4 a4a5 a8e8 a1c1 d7d8 d4d5 a7e3	fresh-cold-search
14	15	d1d3	52	7788237	19641609	884218	d1d3 c8b7 d4d5 a7e3 d3e3 f8e8 a1d1 h8g8 a2a3 e7g6 d1c1 a8c8 f3d4 d8f6 f2f4	d1d3	59	6216276	15434979	988472	d1d3 c8b7 a2a4 e7g6 a4b5 g6f4 d3c2 a6b5 g2g3 f4h3 g1g2 h3g5 f3g5 d8g5 c2d3 c7c6	fresh-cold-search
16	13	d5e4	-51	815181	2129931	142547	d5e4 e1g1 a8c8 f1b1 c8c2 b1b4 f6d5 b4b7 a5b7 g2e4 d5f4 e4c2 f4e2 g1g2	f6e4	-38	639344	1609002	160555	f6e4 d2e4 d5e4 a1b1 b7d5 b1b4 a5c6 b4b5 e8c8 b5c5 c8b7 f4e3 f7f5	frozen-stage3
16	14	d5e4	-51	2236676	5464480	272767	d5e4 e1g1 a8c8 f1b1 c8c2 b1b4 f6d5 b4b7 a5b7 g2e4 d5f4 e4c2 f4e2 g1g2 e2d4	d5e4	-44	1194474	2882603	258167	d5e4 e1g1 a8c8 f1b1 e4e3 g2b7 a5b7 b1b4 e3d2 b4b7 f6e4 b7b2 c8d8 f4d2 d8d4	fresh-cold-search
16	15	d5e4	-54	5278511	12516757	551836	d5e4 e1g1 e8g8 f4h6 f8d8 a1b1 d8d4 h6e3 d4d8 f1c1 f6g4 d2e4 f7f5 e4c5 b7g2 g1g2	d5e4	-41	2394402	5564391	423724	d5e4 e1g1 a8c8 f4e5 e8e7 a1b1 h8d8 b1b4 c8c2 e5f6 e7f6 d2e4 f6g7 f1e1 c2a2 e4c5 b7g2	fresh-cold-search
21	13	c6a6	-37	2172114	4644866	454851	c6a6 e3h6 g7h6 c1h6 b8b2 h2g1 a6d6	g6g5	-35	1759077	3566108	464575	g6g5 h2g1 c6b6 e1e2 b8a8 a2a3	frozen-stage3
21	14	g6g5	-32	3969161	8238392	729149	g6g5 h2g1 c8e8 a2a3 f6e4 g3h5 c6b6 h5g7 g8g7 e1e2 b6c7 c1c2 e6d7 f3e5	g6g5	-35	2644077	5191788	668359	g6g5 h2g1 c6b6 e1e2 b8a8 a2a3 c8e8 f3e5 b6c7 c1c2 f6d7 g3f5 d7e5 d4e5	fresh-cold-search
21	15	g6g5	-38	7322737	14997101	1185183	g6g5 f3e5 c6a8 a2a3 a8b7 e1e2 b7c7 c1c2 c8e8 h2g1	g6g5	-46	5905604	11467236	1263649	g6g5 f3e5 c6a8 f2f4 g5f4 e3f4 a8a2 e1e2 h6h5 e5f3 b8b7 b2b4 a2a8 d1f1 c8f8	fresh-cold-search
26	13	a6a5	422	47736	108493	31594	a6a5 e3d2 a5a4 d2c2 a4a3 c2d2 a3b2 d2d1 b2c3 d1c1 c3d3 c1d1 c4c3	b5b4	281	48453	94080	35953	b5b4	frozen-stage3
26	14	a6a5	397	80528	185886	60559	a6a5 e3d2 a5a4 d2c2 a4a3 c2d2 a3b3 d2e3 b3c3 e3f2 c3c2 f2g2 c2c1	a6a5	388	224148	519490	210719	a6a5 e3d4 a5a4 d4e3 a4b3 e3d2 b3b2 d2e2 b2c3 e2f2 c3d4 f2f3 c4c3 f3f4	fresh-cold-search
26	15	a6a5	442	93145	200142	75045	a6a5 e3d2 a5a4 d2c2 a4a3 c2c1 a3b3 c1d2 b3b2 d2e2 b2c3 e2d1 c3b3	a6a5	1064	318322	682469	301007	a6a5 e3d4 a5a4 d4d5 b5b4 d5c4 b4b3 c4d3 a4a3 c3c4	fresh-cold-search
30	13	f2f5	-99	777967	1300972	199111	f2f5 g7g6 f5g5 h7h6 g5e3 b7b6 e1d1 d6f6 d1d8 f6d8 h4h5 g8g7 h5g6 f7g6 e3f3	b1a2	-121	982156	1660634	272398	b1a2 b7b6 e1d1 d6e7 d1d8 e7d8 f2f4 g7g6 g2g3 f7f5 a2b1 g8g7 f4e5 g7f7 b1a2	frozen-stage3
30	14	f2f3	-118	3604332	6792643	511966	f2f3 h7h6 e1d1 d6e7 d1d8 e7d8 f3f5 c5e6 g2g3 b7b6 f5h7 g8f8 h7h8 f8e7 h8d8 e7d8 b1c1 d8e7	h4h5	-111	2820030	4912706	598823	h4h5 b7b6 f2e3 d6e6 e3e6 c5e6 c2e4 c6c5 b1a2 d8d4 e4f3 c5c4 g2g4 c4b3 a2b3	fresh-cold-search
30	15	f2f3	-113	6715009	12577245	856302	f2f3 h7h6 e1d1 d6e7 d1d8 e7d8 f3f5 c5e6 g2g3 b7b6 f5h7 g8f8 h7h8 f8e7 h8d8 e7d8 b1c1 d8d7 c1d2	f2f3	-114	6780105	11667155	1224448	f2f3 h7h6 e1d1 d6c7 d1d8 c7d8 f3f5 c5e6 f5h7 g8f8 h7h8 f8e7 h8d8 e7d8 b1c1 e6d4 g2g4 d8d7 c1d2	fresh-cold-search
