index	depth	main_nodes	ab_calls	pv_wide	pv_null	nonpv_wide	nonpv_null	nonpv_wide_razor_returns	nonpv_wide_futility_skips	nonpv_wide_losing_capture_skips	pv_wide_sibling_le_alpha	pv_wide_sibling_inside	pv_wide_sibling_ge_beta	lmr_probes	lmr_fail_highs	lmr_researches	root_wide_sibling_le_alpha	root_wide_sibling_inside	root_wide_sibling_ge_beta
0	13	528398	1708090	92	0	559845	1148153	11623	113992	10814	759	28	4	236302	367	367	237	10	0
1	13	3475078	8558133	128	0	2032563	6525442	155615	613279	52030	1475	28	7	1746244	2507	2507	794	5	0
2	13	7568	24723	109	0	14294	10320	1	8	0	276	23	3	3797	105	105	66	4	0
3	13	605659	1587164	218	0	314607	1272339	22034	81670	6955	2071	30	12	404171	362	362	89	1	0
4	13	444366	1391662	99	0	454159	937404	12208	100490	10144	782	23	6	185503	490	490	294	0	0
5	13	1549645	4758744	86	0	1265387	3493271	36262	377646	60403	932	28	3	837858	5684	5684	499	21	0
6	13	634214	1876120	94	0	317365	1558661	21064	86500	14291	886	21	7	430188	785	785	658	0	0
7	13	994398	2838873	109	0	1237526	1601238	39959	346063	31657	772	27	4	337576	2545	2545	280	4	1
8	13	944419	2779742	89	0	550651	2229002	33325	126784	18594	995	25	3	671038	1488	1488	629	8	0
9	13	258683	815537	65	0	287488	527984	8097	37041	1868	411	20	2	82786	531	531	291	8	0
10	13	1463870	4603207	94	0	1460538	3142575	37827	284652	46534	888	24	4	701344	5919	5919	450	5	0
11	13	106151	280527	117	0	115195	165215	10754	38803	359	411	23	0	64825	282	282	247	0	0
12	13	19151	54819	141	0	34863	19815	124	1913	0	313	21	4	5407	152	152	111	3	0
13	13	134731	415124	112	0	135775	279237	3759	15833	566	529	17	3	41978	185	185	166	3	0
14	13	1523227	4559169	91	0	1419381	3139697	51763	348120	53748	1041	28	2	724828	3800	3800	433	9	0
15	13	939472	2574597	95	0	568072	2006430	35796	184436	27442	1002	22	3	581268	2068	2068	579	6	0
16	13	815181	2318405	115	0	756856	1561434	29397	211075	13301	949	28	4	366733	1524	1524	418	2	0
17	13	467210	1439446	90	0	367707	1071649	15521	79577	13044	967	21	3	243399	1491	1491	463	5	0
18	13	1369277	4311263	90	0	1334181	2976992	28448	241159	27095	739	29	4	582723	1629	1629	371	6	0
19	13	437737	1448261	82	0	378080	1070099	15642	62461	14366	738	17	7	231628	1027	1027	482	8	0
20	13	150814	433316	92	0	46753	386471	4016	11019	929	961	27	2	142193	179	179	572	0	0
21	13	2172114	6170463	78	0	1737080	4433305	100316	537078	84887	759	20	0	1213325	5958	5958	474	20	0
22	13	581587	1600293	126	0	349001	1251166	16986	78714	7373	1081	14	7	330812	806	806	490	5	0
23	13	176857	623247	125	0	160316	462806	5095	12805	626	597	32	8	96269	528	528	533	0	0
24	13	57130	175825	107	0	45179	130539	775	7083	550	584	18	5	22832	93	93	266	0	0
25	13	145819	431833	105	0	103133	328595	3703	23425	2619	879	24	4	87749	174	174	507	0	0
26	13	47736	146596	138	0	95928	50530	1107	7528	0	292	14	2	14367	580	580	49	3	2
27	13	72278	250766	104	0	90417	160245	1548	10775	113	474	24	4	29448	182	182	162	6	0
28	13	1825906	7088801	149	0	2896222	4192430	62825	833611	22953	842	33	2	765777	9320	9320	409	1	2
29	13	2053406	5215393	202	0	1091003	4124188	74032	222687	16678	1706	40	6	1227287	1656	1656	554	1	0
30	13	777967	2051151	145	0	510419	1540587	38392	84011	8270	896	26	11	405407	1239	1239	622	7	0
0	8	14926	55084	36	0	39604	15444	210	2946	332	368	21	1	5553	3	3	142	10	0
2	8	1226	4142	58	0	2935	1149	0	0	0	155	13	1	427	23	23	41	4	0
6	8	34694	115078	47	0	61350	53681	2929	17354	3879	625	14	5	21600	29	29	423	0	0
13	8	6456	19779	45	0	12417	7317	478	1407	113	246	11	2	1708	7	7	101	3	0
20	8	8902	26690	36	0	10196	16458	975	1724	176	521	18	0	7466	10	10	352	0	0
